<?xml version="1.0" encoding="UTF-8"?><AquimaExport><AquimaExportContent><MetaData><Application Name="BQ_15355_query_parameters" Version="0.0-Trunk" Label="Trunk"/><Generator ExportDate="2022-04-28" StudioVersion="14.10.2.4828" AquimaVersion="14.10.2.4828 OEM"/><Format Version="12.0" Encrypted="false"/><ExportType>Application</ExportType></MetaData><Data><application cachingEnabled="true" moduleId="BQ_15355_query_parameters:1.0" outputFailedMasks="false" wrapFailedElements="false" applicationId="BQ_15355_query_parameters:0.0-Trunk" versionLabel="Trunk" applicationMode="Production"><metaModel name="BQ_15355_query_parameters" version="1.0"><entity id="QueryParameters" name="QueryParameters" abstract="false" singleton="true"><attribute id="QueryParameters.TestParameter" name="TestParameter" datatype="1" askable="true" multivalue="false" reverseAttr="false"/></entity></metaModel><composer><contentStyle name="instance_linker" isDefault="false" isRestricted="false"/><contentStyle name="breadcrumbcontainer" isDefault="false" isRestricted="false"/><contentStyle name="highlighted" isDefault="false" isRestricted="false"/><contentStyle name="justification" isDefault="false" isRestricted="false"/><contentStyle name="menubar" isDefault="false" isRestricted="false"/><contentStyle name="tabs" isDefault="false" isRestricted="false"/><contentStyle name="formfooter" isDefault="false" isRestricted="false"/><contentStyle name="instance_iterator" isDefault="false" isRestricted="false"/><contentStyle name="instance_selector" isDefault="false" isRestricted="false"/><contentStyle name="visualization" isDefault="false" isRestricted="false"/><contentStyle name="dashboard_column2" isDefault="false" isRestricted="false"/><contentStyle name="dashboard_column6" isDefault="false" isRestricted="false"/><contentStyle name="dashboard_body" isDefault="false" isRestricted="false"/><contentStyle name="dashboard_column5" isDefault="false" isRestricted="false"/><contentStyle name="dashboard_widget" isDefault="false" isRestricted="false"/><contentStyle name="dashboard_column3" isDefault="false" isRestricted="false"/><contentStyle name="dashboard_column8" isDefault="false" isRestricted="false"/><contentStyle name="dashboard_footer" isDefault="false" isRestricted="false"/><contentStyle name="dashboard_column9" isDefault="false" isRestricted="false"/><contentStyle name="dashboard_header" isDefault="false" isRestricted="false"/><contentStyle name="dashboard_column1" isDefault="false" isRestricted="false"/><contentStyle name="dashboard_column4" isDefault="false" isRestricted="false"/><contentStyle name="dashboard_column11" isDefault="false" isRestricted="false"/><contentStyle name="dashboard_menu" isDefault="false" isRestricted="false"/><contentStyle name="dashboard_row" isDefault="false" isRestricted="false"/><contentStyle name="dashboard_column12" isDefault="false" isRestricted="false"/><contentStyle name="dashboard_column7" isDefault="false" isRestricted="false"/><contentStyle name="timeline" isDefault="false" isRestricted="false"/><contentStyle name="dashboard_column10" isDefault="false" isRestricted="false"/><contentStyle name="Full" isDefault="false" isRestricted="false"/><contentStyle name="Large" isDefault="false" isRestricted="false"/><contentStyle name="Responsive" isDefault="false" isRestricted="false"/><contentStyle name="Small" isDefault="false" isRestricted="false"/><contentStyle name="Medium" isDefault="false" isRestricted="false"/><field name="QueryParameters.TestParameter" attributeName="QueryParameters.TestParameter" dataTypeId="1" isMultivalue="false"><questionText><text language="nl-NL"><![CDATA[URL Parameters]]></text></questionText></field><page name="DisplayParameters" isContextImmutable="false" isDynamic="false"><displayText><text language="nl-NL"><![CDATA[URL Parameters]]></text></displayText><ref readonlyCondition="FALSE" sortAscending="true" targetTypeId="2" isRefreshElement="false" isLinkedViaRelationAttribute="false"><target><container isContextImmutable="false" isDynamic="false"><ref readonlyCondition="TRUE" sortAscending="false" targetTypeId="4" isRefreshElement="false" isLinkedViaRelationAttribute="false"><target><field name="QueryParameters.TestParameter" attributeName="QueryParameters.TestParameter" requiredCondition="FALSE" dataTypeId="1" isMultivalue="false"><questionText><text language="nl-NL"><![CDATA[URL Parameters]]></text></questionText></field></target></ref></container></target></ref></page></composer><flowEngine><flow name="Main" startNodeId="1" isExposed="true"><parameter name="allowed-channels"/><parameter name="allowed-roles"/><parameter name="transactional" value="false"/><node id="2" endNodeExitStateId="1" typeId="1"/><node id="3" targetId="DisplayParameters" typeId="4"/><node id="1" targetId="GetUrlParameters" typeId="3" actionNodeType="1"/><edge label="default" sequenceNr="0" sourceId="1" targetId="3"/></flow></flowEngine><ruleEngine allowTargetDowncast="false" parserVersion="8.0"><expressionEngine/><sources/></ruleEngine><treeEngine/><maskCall callName="Curr_Euro_NoDigits_1000Sep" typeName="AQ_NumberPattern"><parameter key="pattern">#,##0</parameter><parameter key="prefix">€ </parameter></maskCall><maskCall callName="Curr_Euro_ValueInWords" typeName="AQ_SpelledCurrency"><parameter key="spellzerocents">false</parameter><parameter key="currency">euro</parameter></maskCall><maskCall callName="Time_hmmss_12hours" typeName="AQ_DatePattern"><parameter key="pattern">h:mm:ss a</parameter></maskCall><maskCall callName="Date_dMMyyyy_HHmmss_24hours" typeName="AQ_DatePattern"><parameter key="pattern">d-MM-yyyy HH:mm:ss</parameter></maskCall><maskCall callName="Time_hmm_12hours" typeName="AQ_DatePattern"><parameter key="pattern">h:mm a</parameter></maskCall><maskCall callName="Date_ddMM_SpaceSep" typeName="AQ_DatePattern"><parameter key="pattern">dd MM</parameter></maskCall><maskCall callName="Date_yyyyMMdd_SpaceSep" typeName="AQ_DatePattern"><parameter key="pattern">yyyy MM dd</parameter></maskCall><maskCall callName="AllLowercase" typeName="AQ_SetCase"><parameter key="case">lower</parameter></maskCall><maskCall callName="AllUppercase" typeName="AQ_SetCase"><parameter key="case">upper</parameter></maskCall><maskCall callName="Perc_1Digit_1000Sep" typeName="AQ_NumberPattern"><parameter key="pattern">#,##0.0</parameter><parameter key="postfix"> %</parameter></maskCall><maskCall callName="Date_yyyyshortmonthdd_MinSep" typeName="AQ_DatePattern"><parameter key="pattern">yyyy-shortmonth-dd</parameter></maskCall><maskCall callName="Num_NoDigits" typeName="AQ_NumberPattern"><parameter key="pattern">#0</parameter></maskCall><maskCall callName="Date_ddMM_MinSep" typeName="AQ_DatePattern"><parameter key="pattern">dd-MM</parameter></maskCall><maskCall callName="Date_ddMMyyyy_SpaceSep" typeName="AQ_DatePattern"><parameter key="pattern">dd MM yyyy</parameter></maskCall><maskCall callName="Date_ddMMyy_SpaceSep" typeName="AQ_DatePattern"><parameter key="pattern">dd MM yy</parameter></maskCall><maskCall callName="Num_1Digit" typeName="AQ_NumberPattern"><parameter key="pattern">#0.0</parameter></maskCall><maskCall callName="Date_dMMyy_hmmss_12hours" typeName="AQ_DatePattern"><parameter key="pattern">d-MM-yy h:mm:ss a</parameter></maskCall><maskCall callName="Date_MM" typeName="AQ_DatePattern"><parameter key="pattern">MM</parameter></maskCall><maskCall callName="Int_InWords" typeName="AQ_SpelledInteger"/><maskCall callName="Time_hhmmss_12hours" typeName="AQ_DatePattern"><parameter key="pattern">hh:mm:ss a</parameter></maskCall><maskCall callName="Time_HHmmss_24hours" typeName="AQ_DatePattern"><parameter key="pattern">HH:mm:ss</parameter></maskCall><maskCall callName="Date_ddMMyy_SlashSep" typeName="AQ_DatePattern"><parameter key="pattern">dd/MM/yy</parameter></maskCall><maskCall callName="Time_HHmm_24hours" typeName="AQ_DatePattern"><parameter key="pattern">HH:mm</parameter></maskCall><maskCall callName="Date_dayofweekddmonthyyyy_SpaceSep" typeName="AQ_DatePattern"><parameter key="pattern">dayofweek dd month yyyy</parameter></maskCall><maskCall callName="Date_shortmonth" typeName="AQ_DatePattern"><parameter key="pattern">shortmonth</parameter></maskCall><maskCall callName="String_ZipCode_NL" typeName="AQ_RegularExpression"><parameter key="regexp-search">^([0-9]{4})\s*([A-Z]{2})$</parameter><parameter key="replace">$1 $2</parameter><parameter key="toupper">true</parameter></maskCall><maskCall callName="Date_dmonthyyyy_SpaceSep" typeName="AQ_DatePattern"><parameter key="pattern">d month yyyy</parameter></maskCall><maskCall callName="Date_ddMMyy_HHmmss_24hours" typeName="AQ_DatePattern"><parameter key="pattern">dd-MM-yy HH:mm:ss</parameter></maskCall><maskCall callName="Date_dMMyyyy_hmm_12hours" typeName="AQ_DatePattern"><parameter key="pattern">d-MM-yyyy h:mm a</parameter></maskCall><maskCall callName="Curr_Pound_ValueInWords" typeName="AQ_SpelledCurrency"><parameter key="spellzerocents">false</parameter><parameter key="currency">pound</parameter></maskCall><maskCall callName="Date_RelativeToToday_InWords" typeName="AQ_SpelledDeltaDate"/><maskCall callName="Date_ddshortmonthyyyy_SlashSep" typeName="AQ_DatePattern"><parameter key="pattern">dd/shortmonth/yyyy</parameter></maskCall><maskCall callName="Num_NoDigits_1000Sep" typeName="AQ_NumberPattern"><parameter key="pattern">#,##0</parameter></maskCall><maskCall callName="Date_month" typeName="AQ_DatePattern"><parameter key="pattern">month</parameter></maskCall><maskCall callName="Num_3DigitsNoZeros" typeName="AQ_NumberPattern"><parameter key="pattern">#0.000</parameter><parameter key="zero-fraction">-</parameter></maskCall><maskCall callName="Curr_Dollar_ValueInWords_ZeroCents" typeName="AQ_SpelledCurrency"><parameter key="spellzerocents">true</parameter><parameter key="currency">dollar</parameter></maskCall><maskCall callName="Date_dMMyy_HHmmss_24hours" typeName="AQ_DatePattern"><parameter key="pattern">d-MM-yy HH:mm:ss</parameter></maskCall><maskCall callName="Date_dd" typeName="AQ_DatePattern"><parameter key="pattern">dd</parameter></maskCall><maskCall callName="Bool_InWordsAbbr" typeName="AQ_SpelledBoolean"><parameter key="short">true</parameter></maskCall><maskCall callName="Num_2Digits" typeName="AQ_NumberPattern"><parameter key="pattern">#0.00</parameter></maskCall><maskCall callName="Date_ddmonthyyyy_MinSep" typeName="AQ_DatePattern"><parameter key="pattern">dd-month-yyyy</parameter></maskCall><maskCall callName="Date_yyyymonthdd_MinSep" typeName="AQ_DatePattern"><parameter key="pattern">yyyy-month-dd</parameter></maskCall><maskCall callName="Num_3Digits" typeName="AQ_NumberPattern"><parameter key="pattern">#0.000</parameter></maskCall><maskCall callName="Date_Year" typeName="AQ_DatePattern"><parameter key="pattern">year</parameter></maskCall><maskCall callName="Curr_Euro_ValueInWords_ZeroCents" typeName="AQ_SpelledCurrency"><parameter key="spellzerocents">true</parameter><parameter key="currency">euro</parameter></maskCall><maskCall callName="Curr_Euro_2DigitsNoZeros" typeName="AQ_NumberPattern"><parameter key="pattern">###0.00</parameter><parameter key="prefix">€ </parameter><parameter key="zero-fraction">-</parameter></maskCall><maskCall callName="Num_2DigitsNoZeros" typeName="AQ_NumberPattern"><parameter key="pattern">#0.00</parameter><parameter key="zero-fraction">-</parameter></maskCall><maskCall callName="Date_ddMMyyyy_HHmmss_24hours" typeName="AQ_DatePattern"><parameter key="pattern">dd-MM-yyyy HH:mm:ss</parameter></maskCall><maskCall callName="Date_ddmonthyyyy_SlashSep" typeName="AQ_DatePattern"><parameter key="pattern">dd/month/yyyy</parameter></maskCall><maskCall callName="Date_ddMMyyyy_NoSep" typeName="AQ_DatePattern"><parameter key="pattern">ddMMyyyy</parameter></maskCall><maskCall callName="Date_ddshortmonthyyyy_MinSep" typeName="AQ_DatePattern"><parameter key="pattern">dd-shortmonth-yyyy</parameter></maskCall><maskCall callName="Date_ddmonthyyyy_SpaceSep" typeName="AQ_DatePattern"><parameter key="pattern">dd month yyyy</parameter></maskCall><maskCall callName="Num_2DigitsNoZeros_1000Sep" typeName="AQ_NumberPattern"><parameter key="pattern">#,##0.00</parameter><parameter key="zero-fraction">-</parameter></maskCall><maskCall callName="Curr_Dollar_ValueInWords" typeName="AQ_SpelledCurrency"><parameter key="spellzerocents">false</parameter><parameter key="currency">dollar</parameter></maskCall><maskCall callName="Date_ddMM_SlashSep" typeName="AQ_DatePattern"><parameter key="pattern">dd/MM</parameter></maskCall><maskCall callName="Date_ddMMyy_hhmmss_12hours" typeName="AQ_DatePattern"><parameter key="pattern">dd-MM-yy hh:mm:ss a</parameter></maskCall><maskCall callName="Date_ddMMyyyy_hhmm_12hours" typeName="AQ_DatePattern"><parameter key="pattern">dd-MM-yyyy hh:mm a</parameter></maskCall><maskCall callName="Perc_3Digit_1000Sep" typeName="AQ_NumberPattern"><parameter key="pattern">#,##0.000</parameter><parameter key="postfix"> %</parameter></maskCall><maskCall callName="Date_ddMMyyyy_hhmmss_12hours" typeName="AQ_DatePattern"><parameter key="pattern">dd-MM-yyyy hh:mm:ss a</parameter></maskCall><maskCall callName="Curr_Euro_2DigitsNoZeros_1000Sep" typeName="AQ_NumberPattern"><parameter key="pattern">#,##0.00</parameter><parameter key="prefix">€ </parameter><parameter key="zero-fraction">-</parameter></maskCall><maskCall callName="Num_2Digits_InWords" typeName="AQ_SpelledNumber"/><maskCall callName="DayOfWorkWeek" typeName="AQ_SpelledDayOfWeek"><parameter key="first-day-of-week">monday</parameter></maskCall><maskCall callName="Date_day" typeName="AQ_DatePattern"><parameter key="pattern">day</parameter></maskCall><maskCall callName="Date_dmonthyyyy_HHmmss_24hours" typeName="AQ_DatePattern"><parameter key="pattern">d month yyyy HH:mm</parameter></maskCall><maskCall callName="Bool_InWords" typeName="AQ_SpelledBoolean"><parameter key="short">false</parameter></maskCall><maskCall callName="FirstUppercase" typeName="AQ_FirstToUpperCase"/><maskCall callName="Num_2Digits_1000Sep" typeName="AQ_NumberPattern"><parameter key="pattern">#,##0.00</parameter></maskCall><maskCall callName="Curr_Pound_ValueInWords_Zeropennies" typeName="AQ_SpelledCurrency"><parameter key="spellzerocents">true</parameter><parameter key="currency">pound</parameter></maskCall><maskCall callName="Num_Absolute" typeName="AQ_NumberPattern"><parameter key="pattern">#0;#</parameter></maskCall><maskCall callName="Date_ddMMyyyy_MinSep" typeName="AQ_DatePattern"><parameter key="pattern">dd-MM-yyyy</parameter></maskCall><maskCall callName="Perc_1000Sep" typeName="AQ_NumberPattern"><parameter key="pattern">#,##0.0####</parameter><parameter key="postfix"> %</parameter></maskCall><maskCall callName="Date_dMMyyyy_hmmss_12hours" typeName="AQ_DatePattern"><parameter key="pattern">d-MM-yyyy h:mm:ss a</parameter></maskCall><maskCall callName="Num_Ordinal_InWords" typeName="AQ_OrdinalNumber"/><maskCall callName="Num_5Digits" typeName="AQ_NumberPattern"><parameter key="pattern">#0.00000</parameter></maskCall><maskCall callName="Perc_2Digit_1000Sep" typeName="AQ_NumberPattern"><parameter key="pattern">#,##0.00</parameter><parameter key="postfix"> %</parameter></maskCall><maskCall callName="Date_dmonthyyyy_hmm_12hours" typeName="AQ_DatePattern"><parameter key="pattern">d month yyyy h:mm a</parameter></maskCall><maskCall callName="Date_dayofweek" typeName="AQ_DatePattern"><parameter key="pattern">dayofweek</parameter></maskCall><maskCall callName="RomanNumeralsLow" typeName="AQ_RomanInteger"><parameter key="case">lower</parameter></maskCall><maskCall callName="Date_yyyyshortmonthdd_SlashSep" typeName="AQ_DatePattern"><parameter key="pattern">yyyy/shortmonth/dd</parameter></maskCall><maskCall callName="Num_6Digits" typeName="AQ_NumberPattern"><parameter key="pattern">#0.000000</parameter></maskCall><maskCall callName="Curr_Euro_NoDigits" typeName="AQ_NumberPattern"><parameter key="pattern">#0</parameter><parameter key="prefix">€ </parameter></maskCall><maskCall callName="Date_yyyy" typeName="AQ_DatePattern"><parameter key="pattern">yyyy</parameter></maskCall><maskCall callName="Date_ddMMyyyy_SlashSep" typeName="AQ_DatePattern"><parameter key="pattern">dd/MM/yyyy</parameter></maskCall><maskCall callName="Num_3DigitsNoZeros_1000Sep" typeName="AQ_NumberPattern"><parameter key="pattern">#,##0.000</parameter><parameter key="zero-fraction">-</parameter></maskCall><maskCall callName="Date_yyyyMMdd_MinSep" typeName="AQ_DatePattern"><parameter key="pattern">yyyy-MM-dd</parameter></maskCall><maskCall callName="Date_ddshortmonthyyyy_SpaceSep" typeName="AQ_DatePattern"><parameter key="pattern">dd shortmonth yyyy</parameter></maskCall><maskCall callName="DayOfWeek" typeName="AQ_SpelledDayOfWeek"><parameter key="first-day-of-week">sunday</parameter></maskCall><maskCall callName="SocialSecurityNumber_Dutch" typeName="AQ_RegularExpression"><parameter key="regexp-search">^0*([0-9]{4})([0-9]{2})([0-9]{3})$</parameter><parameter key="replace">$1-$2-$3</parameter><parameter key="prefix">00000000</parameter></maskCall><maskCall callName="Int_MonthInWords" typeName="AQ_SpelledMonth"/><maskCall callName="Date_dMMyy_hmm_12hours" typeName="AQ_DatePattern"><parameter key="pattern">d-MM-yy h:mm a</parameter></maskCall><maskCall callName="Acronym" typeName="AQ_RegularExpression"><parameter key="regexp-search">[\.\s]*([^.\s]{1})[\.\s]*</parameter><parameter key="replace">$1</parameter><parameter key="toupper">true</parameter></maskCall><maskCall callName="Date_ddMMyy_MinSep" typeName="AQ_DatePattern"><parameter key="pattern">dd-MM-yy</parameter></maskCall><maskCall callName="RomanNumeralsUp" typeName="AQ_RomanInteger"><parameter key="case">upper</parameter></maskCall><maskCall callName="Num_4Digits" typeName="AQ_NumberPattern"><parameter key="pattern">#0.0000</parameter></maskCall><maskCall callName="Date_yyyyshortmonthdd_SpaceSep" typeName="AQ_DatePattern"><parameter key="pattern">yyyy shortmonth dd</parameter></maskCall><maskCall callName="BankAccountNr_NL" typeName="AQ_RegularExpression"><parameter key="regexp-search">^0*([0-9]{2})([0-9]{2})([0-9]{2})([0-9]{3})$</parameter><parameter key="replace">$1.$2.$3.$4</parameter><parameter key="prefix">00000000</parameter></maskCall><maskCall callName="Date_ddMMyy_hhmm_12hours" typeName="AQ_DatePattern"><parameter key="pattern">dd-MM-yy hh:mm a</parameter></maskCall><maskCall callName="Curr_Euro_2Digits_1000Sep" typeName="AQ_NumberPattern"><parameter key="pattern">#,##0.00</parameter><parameter key="prefix">€ </parameter></maskCall><maskCall callName="Curr_Euro_3DigitsNoZeros_1000Sep" typeName="AQ_NumberPattern"><parameter key="pattern">#,##0.000</parameter><parameter key="prefix">€</parameter><parameter key="zero-fraction">-</parameter></maskCall><maskCall callName="Date_yyyymonthdd_SpaceSep" typeName="AQ_DatePattern"><parameter key="pattern">yyyy month dd</parameter></maskCall><maskCall callName="Curr_Euro_3DigitsNoZeros" typeName="AQ_NumberPattern"><parameter key="pattern">###0.000</parameter><parameter key="prefix">€ </parameter><parameter key="zero-fraction">-</parameter></maskCall><maskCall callName="Time_hhmm_12hours" typeName="AQ_DatePattern"><parameter key="pattern">hh:mm a</parameter></maskCall><serviceCall callName="GetUrlParameters" typeName="AQ_GetRequestParameters"><parameter name="Parameters" type="reference" direction="output"><value key="test" dataType="1"><![CDATA[QueryParameters.TestParameter]]></value></parameter></serviceCall><communicationEngine><schemaSets/><soapServices/><restServices/><contracts/><domainSchemas/></communicationEngine><project defaultLanguage="Dutch" name="BQ_15355_query_parameters" version="0.0-Trunk" versionLabel="Trunk"><expander name="AQ_Aggregate_List"><parameter name="data" multivalue="false" required="true" type="2" direction="1"/></expander><expander name="AQ_WorkList" desc="This container creates a tabular overview of a person’s work- or caseload."><parameter name="data" multivalue="false" required="true" type="2" direction="1"/></expander><expander name="AQ_CaseList" desc="Use this container type to create a tabular overview of current cases. "><parameter name="data" multivalue="false" required="false" type="2" direction="1"/></expander><expander name="AQ_Statistic_Visualization" desc="A container that displays statistics."/><expander name="AQ_File_Download" desc="With this container it is possible to download a file."><parameter name="Connection" multivalue="false" required="true" type="2" direction="1"/><parameter name="FileId" multivalue="false" required="true" type="3" direction="1"/><parameter name="ButtonText" multivalue="false" required="true" type="3" direction="1"/><parameter name="ButtonPresentationStyle" multivalue="false" required="false" type="3" direction="1"/></expander><expander name="AQ_InstanceLinker" desc="This container connects an instance of one entity to the instance of a related entity."><parameter name="entityName" multivalue="false" required="true" type="2" direction="1"/><parameter name="attributes" multivalue="false" required="true" type="2" direction="1"/><parameter name="whereClause" multivalue="false" required="false" type="2" direction="1"/><parameter name="required" multivalue="false" required="false" type="2" direction="1"/><parameter name="readonly" multivalue="false" required="false" type="2" direction="1"/><parameter name="refresh" multivalue="false" required="false" type="2" direction="1"/><parameter name="format" multivalue="false" required="false" type="2" direction="1"/><parameter name="sortOrder" multivalue="false" required="true" type="2" direction="1"/><parameter name="presentationStyles" multivalue="true" required="false" type="3" direction="1"/></expander><expander name="AQ_FlowOnRefresh" desc="With this container it is possible to start a flow on refresh."><parameter name="Flow" multivalue="false" required="true" type="3" direction="1"/><parameter name="Validation" multivalue="false" required="false" type="2" direction="1"/></expander><expander name="AQ_DecisionTreeSelector" desc="This container retrieves a number of decision trees that match the given symptom."><parameter name="symptom-attribute" multivalue="false" required="true" type="3" direction="1"/><parameter name="matchButton" multivalue="false" required="true" type="3" direction="1"/><parameter name="selectButton" multivalue="false" required="true" type="3" direction="1"/><parameter name="threshold" multivalue="false" required="false" type="2" direction="1"/><parameter name="maxresults" multivalue="false" required="false" type="2" direction="1"/></expander><expander name="AQ_DecisionTreeEvaluator" desc="This container executes the selected decision tree. This container has no containment."><parameter name="continueButton" multivalue="false" required="false" type="3" direction="1"/><parameter name="stopButton" multivalue="false" required="false" type="3" direction="1"/><parameter name="retryButton" multivalue="false" required="false" type="3" direction="1"/><parameter name="DecisionTree" multivalue="false" required="false" type="3" direction="1"/><parameter name="skip-filled-questions" multivalue="false" required="false" type="2" direction="1"/><parameter name="show-implicit-answers" multivalue="false" required="false" type="2" direction="1"/><parameter name="answers-readonly" multivalue="false" required="false" type="2" direction="1"/><parameter name="show-attribute-solutions" multivalue="false" required="false" type="2" direction="1"/></expander><expander name="AQ_Justifications" desc="Use this container to add justification to the outcome of your calculation or assessment."><parameter name="attribute-path" multivalue="false" required="true" type="1" direction="1"/><parameter name="detail-level" multivalue="false" required="false" type="2" direction="1"/><parameter name="formats" multivalue="false" required="true" type="2" direction="1"/></expander><expander name="AQ_InstanceList" desc="The AQ_InstanceList container shows instances of an entity, and of subtypes of that entity. The container can contain an expression to filter the entities shown. The instances to show can also be filtered by accessing the container through a multi-value relation (i.e., setting the context for the container)."><parameter name="referrer-path" multivalue="false" required="false" type="1" direction="1"/><parameter name="entity" multivalue="false" required="true" type="3" direction="1"/><parameter name="noinstancecontainer" multivalue="false" required="false" type="3" direction="1"/><parameter name="headercontainer" multivalue="false" required="false" type="3" direction="1"/><parameter name="whereclause" multivalue="false" required="false" type="1" direction="1"/><parameter name="sortattribute" multivalue="false" required="false" type="3" direction="1"/><parameter name="sortorder" multivalue="false" required="false" type="2" direction="1"/><parameter name="sortunknownsaslast" multivalue="false" required="false" type="2" direction="1"/><parameter name="pagingsize" multivalue="false" required="false" type="2" direction="1"/></expander><expander name="AQ_Statistic_Process" desc="A container that receives information from the process database to show in the AQ_Statistic_Visualization"><parameter name="data" multivalue="false" required="false" type="2" direction="3"/></expander><expander name="AQ_ExternalFlow"><parameter name="Connection" multivalue="false" required="true" type="1" direction="3"/><parameter name="Mapping" multivalue="false" required="false" type="3" direction="3"/><parameter name="Contract" multivalue="false" required="false" type="2" direction="3"/></expander><expander name="AQ_File_Upload" desc="With this container it is possible to upload several files at once."><parameter name="Connection" multivalue="false" required="true" type="2" direction="1"/><parameter name="FileExtension" multivalue="true" required="false" type="2" direction="1"/><parameter name="MaxFileSize" multivalue="false" required="false" type="2" direction="1"/><parameter name="Persistence" multivalue="false" required="true" type="2" direction="1"/><parameter name="Mode" multivalue="false" required="true" type="2" direction="1"/><parameter name="UpdateFileID" multivalue="false" required="false" type="3" direction="1"/><parameter name="CaseID" multivalue="false" required="false" type="1" direction="1"/><parameter name="FileID" multivalue="false" required="true" type="3" direction="2"/><parameter name="FileName" multivalue="false" required="false" type="3" direction="2"/><parameter name="FileType" multivalue="false" required="false" type="3" direction="2"/><parameter name="FileSize" multivalue="false" required="false" type="3" direction="2"/><parameter name="FileCreatedBy" multivalue="false" required="false" type="3" direction="2"/><parameter name="FileCreationDate" multivalue="false" required="false" type="3" direction="2"/><parameter name="AuthorizedRoles" multivalue="true" required="false" type="3" direction="1"/></expander><expander name="AQ_CMIS_DownloadDocument" desc="This container retreives a document from a document management system (DMS) using a CMIS connection."><parameter name="Id" multivalue="false" required="false" type="1" direction="1"/><parameter name="Name" multivalue="false" required="false" type="1" direction="1"/><parameter name="Path" multivalue="false" required="false" type="1" direction="1"/><parameter name="DisplayText" multivalue="false" required="true" type="3" direction="1"/></expander><expander name="AQ_Statistic_Aggregate" desc="A container that receives information from the aggregate database to show in the AQ_Statistic_Visualization"><parameter name="data" multivalue="false" required="false" type="2" direction="3"/></expander><expander name="AQ_DocumentLink" desc="This container displays a download link which generates a document."><parameter name="asset-name" multivalue="false" required="true" type="3" direction="1"/><parameter name="asset-type" multivalue="false" required="true" type="2" direction="1"/><parameter name="document-name" multivalue="false" required="false" type="1" direction="1"/><parameter name="document-type" multivalue="false" required="true" type="2" direction="1"/><parameter name="optional-parameters" multivalue="false" required="false" type="2" direction="1"/><parameter name="page-name" multivalue="false" required="false" type="1" direction="1"/></expander><expander name="AQ_Dashboard_Comment" desc="This container shows comments from users. It contains a text area and a comment button."><parameter name="refID" multivalue="false" required="true" type="1" direction="1"/><parameter name="title" multivalue="false" required="true" type="3" direction="1"/><parameter name="buttonText" multivalue="false" required="true" type="3" direction="1"/></expander><expander name="AQ_Dashboard_PortalMessageListener" desc="This container allows you to react on portal messages. It is an invisible container that gives you exits on a page which can be triggered by a portal message."><parameter name="data" multivalue="false" required="true" type="2" direction="1"/></expander><expander name="AQ_Timeline" desc="A container that is able to show you a timeline of past events. You can set a filter for a specific case and time period."><parameter name="caseId" multivalue="false" required="false" type="1" direction="1"/><parameter name="displayPeriod" multivalue="false" required="false" type="1" direction="1"/><parameter name="showCases" multivalue="false" required="false" type="2" direction="1"/><parameter name="showTasks" multivalue="false" required="false" type="2" direction="1"/><parameter name="showMessageEvents" multivalue="false" required="false" type="2" direction="1"/><parameter name="showDocuments" multivalue="false" required="false" type="2" direction="1"/><parameter name="connections" multivalue="true" required="false" type="2" direction="1"/><parameter name="showEntriesForUnknownConnections" multivalue="false" required="false" type="2" direction="1"/><parameter name="userId" multivalue="false" required="false" type="1" direction="1"/></expander><expander name="AQ_Dashboard_ProjectWidget" desc="Use this container to display a page from another project."><parameter name="ShortcutName" multivalue="false" required="false" type="1" direction="1"/><parameter name="ShortcutAttribute" multivalue="false" required="false" type="3" direction="1"/><parameter name="Data" multivalue="true" required="false" type="1" direction="1"/><parameter name="PortalMessages" multivalue="true" required="false" type="3" direction="1"/></expander><expander name="AQ_Dashboard_Widget" desc="This container type represents a widget in a dashboard, to run in the dashboard session. It cannot react on portal messages."/><expander name="AQ_Dashboard_FlowWidget" desc="This container represents a widget in a dashboard that is able to run its own flow in a separate session. It can react on portal messages."><parameter name="data" multivalue="false" required="true" type="2" direction="3"/></expander><expander name="AQ_Chart_EasyPie" desc="DEPRECATED:&#10;This container displays an EasyPie chart."><parameter name="value" multivalue="false" required="true" type="1" direction="1"/><parameter name="maxValue" multivalue="false" required="true" type="1" direction="1"/><parameter name="color" multivalue="false" required="false" type="3" direction="1"/></expander><expander name="AQ_Dashboard_CommentList" desc="This container is able to present to you a list of placed comments on an item. It is able to filter on a certain user and only display comments within a certain time period."><parameter name="refID" multivalue="false" required="true" type="1" direction="1"/><parameter name="userName" multivalue="false" required="false" type="1" direction="1"/><parameter name="displayPeriod" multivalue="false" required="false" type="1" direction="1"/></expander><expander name="DCM_TaskList" desc="This container creates a tabular overview of tasks for a case"><parameter name="data" multivalue="false" required="true" type="2" direction="1"/></expander><expander name="DCM_WorkList" desc="This container creates a tabular overview of a person’s work- or caseload."><parameter name="data" multivalue="false" required="true" type="2" direction="1"/></expander><expander name="DCM_CaseList" desc="Use this container type to create a tabular overview of current cases. "><parameter name="data" multivalue="false" required="false" type="2" direction="1"/></expander><language name="Dutch" code="nl-NL"/><service name="AQ_Aggregate_Update"><exitEvent>IdError</exitEvent><exitEvent>Unauthorized</exitEvent><parameter name="AggregateType" multivalue="false" required="true" type="3" direction="1"/><parameter name="AggregateID" multivalue="false" required="true" type="1" direction="1"/><parameter name="CreateNewVersion" multivalue="false" required="true" type="2" direction="1"/><parameter name="VersionIDOutput" multivalue="false" required="false" type="3" direction="3"/><parameter name="TargetInstance" multivalue="false" required="false" type="1" direction="1"/><parameter name="StoreInstances" multivalue="true" required="false" type="1" direction="1"/></service><service name="AQ_Aggregate_Create"><exitEvent>Unauthorized</exitEvent><parameter name="AggregateType" multivalue="false" required="true" type="3" direction="1"/><parameter name="AggregateId" multivalue="false" required="true" type="3" direction="2"/><parameter name="TargetInstance" multivalue="false" required="false" type="1" direction="1"/><parameter name="VersionIDOutput" multivalue="false" required="false" type="3" direction="2"/><parameter name="StoreInstances" multivalue="true" required="false" type="1" direction="1"/></service><service name="AQ_Aggregate_Read"><exitEvent>IdError</exitEvent><exitEvent>Unauthorized</exitEvent><parameter name="AggregateType" multivalue="false" required="true" type="3" direction="1"/><parameter name="AggregateId" multivalue="false" required="true" type="1" direction="1"/><parameter name="VersionIDInput" multivalue="false" required="false" type="1" direction="3"/><parameter name="VersionIDOutput" multivalue="false" required="false" type="3" direction="2"/><parameter name="TargetInstance" multivalue="false" required="false" type="1" direction="2"/></service><service name="AQ_Aggregate_Delete"><exitEvent>IdError</exitEvent><exitEvent>Unauthorized</exitEvent><parameter name="AggregateType" multivalue="false" required="true" type="3" direction="1"/><parameter name="AggregateId" multivalue="false" required="true" type="1" direction="1"/><parameter name="VersionIDInput" multivalue="false" required="false" type="1" direction="1"/></service><service name="AQ_Aggregate_Search" desc="This service search for stored aggregate entries and returns their IDs."><exitEvent>FoundNoAggregates</exitEvent><exitEvent>FoundOneAggregate</exitEvent><exitEvent>FoundMultipleAggregates</exitEvent><exitEvent>Unauthorized</exitEvent><parameter name="data" multivalue="false" required="false" type="2" direction="1"/></service><service name="AQ_Aggregate_Count" desc="This service counts stored aggregate entries and returns the number of entries."><exitEvent>Unauthorized</exitEvent><parameter name="data" multivalue="false" required="false" type="2" direction="1"/></service><service name="AQ_StoreDecision" desc="This service stores a decision graph in the trace database."><parameter name="Decision" multivalue="false" required="true" type="3" direction="1"/><parameter name="DecisionType" multivalue="false" required="false" type="1" direction="1"/><parameter name="ReferenceIds" multivalue="false" required="false" type="1" direction="1"/></service><service name="AQ_Document_Renderer" desc="This service renders a document."><parameter name="document-name" multivalue="false" required="true" type="1" direction="1"/><parameter name="document-type" multivalue="false" required="true" type="2" direction="1"/></service><service name="AQ_CMIS_DocumentManager" desc="The service can store, update and delete documents in a document management system (DMS)."><exitEvent>Denied</exitEvent><parameter name="data" multivalue="false" required="true" type="2" direction="1"/></service><service name="AQ_Report" desc="Use this service when you want to export profile data (possibly with a data mapping) to an external system, such as a datawarehouse."><parameter name="Connection" multivalue="false" required="true" type="2" direction="1"/><parameter name="DataMapping" multivalue="false" required="false" type="3" direction="1"/></service><service name="AQ_StartProject" desc="The AQ_StartProject service starts an exposed flow in another project."><exitEvent>Unauthorized</exitEvent><parameter name="ShortcutName" multivalue="false" required="false" type="1" direction="1"/><parameter name="ShortcutAttribute" multivalue="false" required="false" type="3" direction="1"/><parameter name="Action" multivalue="false" required="true" type="2" direction="1"/><parameter name="Data" multivalue="true" required="false" type="1" direction="1"/></service><service name="AQ_File_Move" desc="Move a file from one connection to another."><exitEvent>Unauthorized</exitEvent><parameter name="ConnectionFrom" multivalue="false" required="true" type="2" direction="1"/><parameter name="ConnectionTo" multivalue="false" required="true" type="2" direction="1"/><parameter name="FileId" multivalue="false" required="true" type="3" direction="3"/></service><service name="AQ_CMIS_GetDocumentMetadata" desc="This type of service is used to retrieve information from the current document for displaying purposes. The attribute types that are used in the parameters should match the type of information returned by the service to avoid type conversion errors."><exitEvent>Denied</exitEvent><parameter name="data" multivalue="false" required="false" type="2" direction="1"/></service><service name="AQ_Instance_Create" desc="Create an instance and set attributes and relations for it."><parameter name="data" multivalue="false" required="false" type="2" direction="1"/></service><service name="AQ_NextTasksForCase" desc="This type of service is used to activate the next task when only one is available for the active case. Services of this type will return one of the following events: 	&#10;- &quot;One&quot; when the next task available is activated for the active case,&#10;- &quot;None&quot; when there is no task available for the active case,&#10;- &quot;Multiple&quot; when there are more than one tasks available for the active case."><exitEvent>One</exitEvent><exitEvent>None</exitEvent><exitEvent>Multiple</exitEvent><parameter name="caseId" multivalue="false" required="false" type="1" direction="1"/><parameter name="taskId" multivalue="false" required="false" type="3" direction="2"/></service><service name="AQ_ActivateInstance" desc="Activate a specific instance in a flow, for displaying on a page, use in conditions, subflows or pages."><parameter name="entity-name" multivalue="false" required="false" type="3" direction="1"/><parameter name="relation" multivalue="false" required="false" type="1" direction="1"/><parameter name="condition" multivalue="false" required="false" type="1" direction="1"/></service><service name="AQ_Function_GetInput" desc="DEPRECATED. This service is deprecated.&#10;Please use the parameters tab on function flows instead. &#10;&#10;With this service you can retrieve the parameter values that are submitted to the function call and place them in the profile."><parameter name="input" multivalue="true" required="false" type="3" direction="2"/></service><service name="AQ_TaskStatus" desc="Use this type of service to determine the status of the active task. The status is returned in the form of an event, which can be used to direct the pageflow."><exitEvent>Open</exitEvent><exitEvent>Started</exitEvent><exitEvent>Complete</exitEvent><exitEvent>Canceled</exitEvent><exitEvent>Expired</exitEvent></service><service name="AQ_File_Delete" desc="Delete a specific file."><exitEvent>Unauthorized</exitEvent><parameter name="Connection" multivalue="false" required="true" type="2" direction="1"/><parameter name="FileId" multivalue="false" required="true" type="3" direction="1"/><parameter name="RemoveInstance" multivalue="false" required="true" type="2" direction="1"/></service><service name="AQ_SoapServiceClient" desc="This service calls a SOAP webservice. Java only."><exitEvent>Ok</exitEvent><exitEvent>Timeout</exitEvent><exitEvent>SoapFault</exitEvent><exitEvent>Error</exitEvent><parameter name="soapService" multivalue="false" required="true" type="3" direction="1"/><parameter name="operation" multivalue="false" required="true" type="2" direction="1"/><parameter name="url" multivalue="false" required="false" type="1" direction="1"/><parameter name="connectionOverride" multivalue="false" required="false" type="1" direction="1"/><parameter name="mapping" multivalue="false" required="false" type="3" direction="3"/><parameter name="username" multivalue="false" required="false" type="2" direction="1"/><parameter name="password" multivalue="false" required="false" type="2" direction="1"/><parameter name="soapFault" multivalue="false" required="true" type="3" direction="2"/><parameter name="soapFaultCode" multivalue="false" required="true" type="3" direction="2"/><parameter name="soapFaultMessage" multivalue="false" required="true" type="3" direction="2"/><parameter name="soapFaultRole" multivalue="false" required="false" type="3" direction="2"/><parameter name="soapFaultDetails" multivalue="false" required="false" type="3" direction="2"/><parameter name="connection" multivalue="false" required="false" type="2" direction="3"/><parameter name="fileList" multivalue="false" required="false" type="1" direction="1"/><parameter name="fileRelation" multivalue="true" required="false" type="3" direction="2"/><parameter name="persistence" multivalue="false" required="false" type="2" direction="1"/><parameter name="caseId" multivalue="false" required="false" type="1" direction="2"/><parameter name="file" multivalue="false" required="false" type="3" direction="2"/><parameter name="fileId" multivalue="false" required="false" type="3" direction="2"/><parameter name="fileContentId" multivalue="false" required="false" type="3" direction="2"/><parameter name="fileName" multivalue="false" required="false" type="3" direction="2"/><parameter name="fileType" multivalue="false" required="false" type="3" direction="2"/><parameter name="fileSize" multivalue="false" required="false" type="3" direction="2"/><parameter name="fileCreatedBy" multivalue="false" required="false" type="3" direction="2"/><parameter name="fileCreationDate" multivalue="false" required="false" type="3" direction="2"/></service><service name="AQ_Instance_Update" desc="Update an instance by setting or clearing attributes and relations."><parameter name="data" multivalue="false" required="false" type="2" direction="1"/></service><service name="AQ_Function_SetOutput" desc="DEPRECATED. This service is deprecated.&#10;Please use the parameters tab on function flows instead. &#10;&#10;With this service you can set the outcome of your function call so that they can be retrieved from the calling application."><parameter name="output" multivalue="true" required="true" type="1" direction="1"/></service><service name="AQ_ExecuteTask" desc="This type of service is used to execute the active task. A task will be active when a user starts a task via the workload container, via the AQ_NextTasksForCase service or via a custom service."><exitEvent>complete</exitEvent><exitEvent>abort</exitEvent><exitEvent>locked</exitEvent><exitEvent>denied</exitEvent><parameter name="taskId" multivalue="false" required="false" type="1" direction="1"/></service><service name="AQ_File_UpdateMetaData" desc="Updates meta data."><exitEvent>Unauthorized</exitEvent><parameter name="Connection" multivalue="false" required="true" type="2" direction="1"/><parameter name="FileId" multivalue="false" required="true" type="3" direction="1"/><parameter name="CustomMetaData" multivalue="true" required="false" type="1" direction="1"/><parameter name="CaseID" multivalue="false" required="false" type="1" direction="1"/></service><service name="AQ_GetTaskInfo" desc="This type of service is used to retrieve information from the current task for displaying purposes. The attribute types that are used in the parameters should match the type of information returned by the service to avoid type conversion errors."><parameter name="name" multivalue="false" required="false" type="3" direction="2"/><parameter name="displayname" multivalue="false" required="false" type="3" direction="2"/><parameter name="description" multivalue="false" required="false" type="3" direction="2"/><parameter name="startdate" multivalue="false" required="false" type="3" direction="2"/><parameter name="targetdate" multivalue="false" required="false" type="3" direction="2"/><parameter name="status" multivalue="false" required="false" type="3" direction="2"/><parameter name="timeoutdate" multivalue="false" required="false" type="3" direction="2"/><parameter name="authorizedroles" multivalue="false" required="false" type="3" direction="2"/><parameter name="assignee" multivalue="false" required="false" type="3" direction="2"/><parameter name="team" multivalue="false" required="false" type="3" direction="2"/><parameter name="role" multivalue="false" required="false" type="3" direction="2"/><parameter name="ismanuallyassigned" multivalue="false" required="false" type="3" direction="2"/><parameter name="priority" multivalue="false" required="false" type="3" direction="2"/><parameter name="customfields" multivalue="true" required="false" type="2" direction="2"/><parameter name="taskId" multivalue="false" required="false" type="1" direction="1"/></service><service name="AQ_Document_Generate" desc="This service generates a file from a document (or page)."><exitEvent>Unauthorized</exitEvent><parameter name="Document" multivalue="false" required="false" type="3" direction="1"/><parameter name="Page" multivalue="false" required="false" type="3" direction="1"/><parameter name="FileName" multivalue="false" required="true" type="1" direction="1"/><parameter name="FileType" multivalue="false" required="true" type="2" direction="1"/><parameter name="Connection" multivalue="false" required="true" type="2" direction="1"/><parameter name="Persistence" multivalue="false" required="true" type="2" direction="1"/><parameter name="CreateInstance" multivalue="false" required="true" type="2" direction="1"/><parameter name="Relation" multivalue="false" required="false" type="3" direction="1"/><parameter name="UpdateFileID" multivalue="false" required="false" type="3" direction="1"/><parameter name="FileID" multivalue="false" required="true" type="3" direction="2"/><parameter name="AuthorizedRoles" multivalue="true" required="false" type="3" direction="1"/><parameter name="CaseID" multivalue="false" required="false" type="1" direction="1"/></service><service name="AQ_GetHeaders" desc="This service transfers the configured message headers from the session to the profile."><exitEvent>MappingFailure</exitEvent><exitEvent>NothingToMap</exitEvent><parameter name="Headers" multivalue="true" required="true" type="3" direction="1"/></service><service name="AQ_GetRequestParameters" desc="The AQ_GetRequestParameters service can be used to retrieve one or more URL arguments and place them on attributes in the profile."><parameter name="Parameters" multivalue="true" required="true" type="3" direction="2"/></service><service name="AQ_MailService" desc="The mail service is a service which can send an email using an asset as body text optionally containing HTML tags."><exitEvent>MailSizeExceeded</exitEvent><parameter name="addresses-to-expr" multivalue="false" required="true" type="1" direction="1"/><parameter name="addresses-cc-expr" multivalue="false" required="false" type="1" direction="1"/><parameter name="addresses-bcc-expr" multivalue="false" required="false" type="1" direction="1"/><parameter name="address-from" multivalue="false" required="true" type="1" direction="1"/><parameter name="smtp-host" multivalue="false" required="false" type="2" direction="1"/><parameter name="smtp-user" multivalue="false" required="false" type="2" direction="1"/><parameter name="smtp-password" multivalue="false" required="false" type="2" direction="1"/><parameter name="mail-asset" multivalue="false" required="true" type="2" direction="1"/><parameter name="smtp-port" multivalue="false" required="false" type="2" direction="1"/><parameter name="smtp-usetls" multivalue="false" required="false" type="2" direction="1"/><parameter name="Connection" multivalue="false" required="false" type="2" direction="1"/><parameter name="FileIds" multivalue="true" required="false" type="1" direction="1"/></service><service name="AQ_DeleteInstance" desc="Delete one or more instances.&#10;N.B. Use type or attribute-path to select, not both"><parameter name="type" multivalue="false" required="false" type="3" direction="1"/><parameter name="attribute-path" multivalue="false" required="false" type="1" direction="1"/><parameter name="condition" multivalue="false" required="false" type="1" direction="1"/><parameter name="type-scope" multivalue="false" required="false" type="2" direction="1"/><parameter name="exact-type" multivalue="false" required="false" type="2" direction="1"/></service><service name="AQ_ThrowMessageEvent" desc="This service can be used to throw a message event towards the process engine. You select a defined message event and fill the content of the message with expressions in the context of your current domain."><exitEvent>IdError</exitEvent><parameter name="messageEvent" multivalue="false" required="true" type="2" direction="1"/><parameter name="eventValues" multivalue="true" required="false" type="2" direction="1"/><parameter name="caseIds" multivalue="true" required="false" type="2" direction="2"/><parameter name="sendToCaseId" multivalue="false" required="false" type="2" direction="1"/></service><service name="AQ_NextTasksForMessageEvent" desc="This type of service is used to activates the next task when only one new task is available after throwing a message event. Services of this type will return one of the following events:  &#10;- &quot;One&quot; when the next task available is activated after the message event,&#10;- &quot;None&quot; when there is no task available after the message event,&#10;- &quot;Multiple&quot; when there are more than one tasks available after the message event."><exitEvent>One</exitEvent><exitEvent>None</exitEvent><exitEvent>Multiple</exitEvent><parameter name="caseIds" multivalue="false" required="false" type="1" direction="1"/><parameter name="taskId" multivalue="false" required="false" type="3" direction="2"/></service><service name="AQ_GetCaseInfo" desc="This service retrieves case information."><parameter name="caseId" multivalue="false" required="false" type="1" direction="1"/><parameter name="name" multivalue="false" required="false" type="3" direction="2"/><parameter name="displayname" multivalue="false" required="false" type="3" direction="2"/><parameter name="creationdate" multivalue="false" required="false" type="3" direction="2"/><parameter name="status" multivalue="false" required="false" type="3" direction="2"/><parameter name="configurationmodule" multivalue="false" required="false" type="2" direction="1"/><parameter name="datamapping" multivalue="false" required="false" type="2" direction="1"/></service><service name="AQ_AssignTask" desc="Use this type of service to assign the active task&#10;- either to a specific user&#10;- or to one or more teams or roles."><parameter name="Users" multivalue="false" required="false" type="1" direction="1"/><parameter name="Teams" multivalue="false" required="false" type="1" direction="1"/><parameter name="Roles" multivalue="false" required="false" type="1" direction="1"/><parameter name="taskId" multivalue="false" required="false" type="1" direction="1"/></service><service name="AQ_RestServiceClient" desc="This service calls a Rest webservice. Java only."><exitEvent>Timeout</exitEvent><parameter name="restService" multivalue="false" required="true" type="3" direction="1"/><parameter name="operation" multivalue="false" required="true" type="2" direction="1"/><parameter name="url" multivalue="false" required="false" type="1" direction="1"/><parameter name="connectionOverride" multivalue="false" required="false" type="1" direction="1"/><parameter name="mapping" multivalue="false" required="false" type="3" direction="3"/><parameter name="username" multivalue="false" required="false" type="2" direction="1"/><parameter name="password" multivalue="false" required="false" type="2" direction="1"/></service><service name="AQ_File_GetMetaData" desc="Retrieve meta data from an uploaded file."><exitEvent>Unauthorized</exitEvent><parameter name="Connection" multivalue="false" required="true" type="2" direction="1"/><parameter name="FileId" multivalue="false" required="true" type="3" direction="1"/><parameter name="Name" multivalue="false" required="false" type="3" direction="2"/><parameter name="Type" multivalue="false" required="false" type="3" direction="2"/><parameter name="Size" multivalue="false" required="false" type="3" direction="2"/><parameter name="CreatedBy" multivalue="false" required="false" type="3" direction="2"/><parameter name="CreationDate" multivalue="false" required="false" type="3" direction="2"/><parameter name="LastUpdatedBy" multivalue="false" required="false" type="3" direction="2"/><parameter name="LastUpdated" multivalue="false" required="false" type="3" direction="2"/><parameter name="CaseID" multivalue="false" required="false" type="3" direction="2"/><parameter name="CustomMetaData" multivalue="true" required="false" type="3" direction="2"/></service><service name="AQ_CsvConnectivityService" desc="Reads data from a CSV file."><parameter name="input-mapping" multivalue="false" required="true" type="2" direction="1"/><parameter name="output-mapping" multivalue="false" required="true" type="2" direction="1"/><parameter name="meta-data" multivalue="false" required="true" type="2" direction="1"/><parameter name="ConnectionName" multivalue="false" required="true" type="2" direction="1"/><parameter name="connection" multivalue="false" required="true" type="2" direction="1"/><parameter name="service-fields" multivalue="false" required="false" type="2" direction="1"/></service><service name="AQ_Dashboard_ThrowPortalMessage" desc="This service can be used to throw a message event towards the dashboard (portal). You select a defined portal message and fill the content of the message with expressions in the context of your current scope."><parameter name="portalMessage" multivalue="false" required="true" type="2" direction="3"/><parameter name="messageValues" multivalue="true" required="false" type="2" direction="3"/></service><service name="DCM_GetCaseInfo" desc="This service retrieves case information."><parameter name="caseId" multivalue="false" required="true" type="1" direction="1"/><parameter name="name" multivalue="false" required="false" type="3" direction="2"/><parameter name="displayname" multivalue="false" required="false" type="3" direction="2"/><parameter name="creationdate" multivalue="false" required="false" type="3" direction="2"/><parameter name="status" multivalue="false" required="false" type="3" direction="2"/><parameter name="datamapping" multivalue="false" required="false" type="3" direction="1"/></service><service name="DCM_AssignTask" desc="This service is used to assign the active task to a specific user or team and/or role."><parameter name="Users" multivalue="false" required="false" type="1" direction="1"/><parameter name="Roles" multivalue="false" required="false" type="1" direction="1"/><parameter name="Teams" multivalue="false" required="false" type="1" direction="1"/><parameter name="taskId" multivalue="false" required="true" type="1" direction="1"/></service><service name="DCM_CaseCreate" desc="This Service Call Type will take the current state of the session and publish it to the Case Engine in order to create a new case with the curent profile."><parameter name="CaseCreateMessageEvent" multivalue="false" required="true" type="3" direction="1"/><parameter name="CaseStartMessageEvent" multivalue="false" required="true" type="3" direction="1"/><parameter name="CaseStartMessageEventCaseIdParameter" multivalue="false" required="true" type="2" direction="1"/><parameter name="CaseDataAggregate" multivalue="false" required="true" type="3" direction="1"/><parameter name="AggregateReferenceEntity" multivalue="false" required="true" type="3" direction="1"/><parameter name="CaseDataAggregateTypeAttribute" multivalue="false" required="true" type="3" direction="1"/><parameter name="CaseDataAggregateIdAttribute" multivalue="false" required="true" type="3" direction="1"/><parameter name="CaseDataAggregateVersionAttribute" multivalue="false" required="false" type="3" direction="1"/><parameter name="CaseAggregate" multivalue="false" required="true" type="3" direction="1"/><parameter name="ProcessIdAttribute" multivalue="false" required="true" type="3" direction="1"/></service><service name="DCM_ThrowMessageEvent" desc="This service can be used to send a message event to the case engine."><exitEvent>IdError</exitEvent><parameter name="messageEvent" multivalue="false" required="true" type="3" direction="1"/><parameter name="eventValues" multivalue="true" required="false" type="2" direction="1"/><parameter name="sendToCaseId" multivalue="false" required="false" type="1" direction="1"/><parameter name="caseIds" multivalue="false" required="false" type="3" direction="2"/></service><service name="DCM_GetTaskInfo" desc="This service retrieves task information."><parameter name="taskid" multivalue="false" required="true" type="1" direction="1"/><parameter name="name" multivalue="false" required="false" type="3" direction="2"/><parameter name="displayname" multivalue="false" required="false" type="3" direction="2"/><parameter name="description" multivalue="false" required="false" type="3" direction="2"/><parameter name="startdate" multivalue="false" required="false" type="3" direction="2"/><parameter name="targetdate" multivalue="false" required="false" type="3" direction="2"/><parameter name="status" multivalue="false" required="false" type="3" direction="2"/><parameter name="timeoutdate" multivalue="false" required="false" type="3" direction="2"/><parameter name="authorizedroles" multivalue="false" required="false" type="3" direction="2"/><parameter name="assignee" multivalue="false" required="false" type="3" direction="2"/><parameter name="team" multivalue="false" required="false" type="3" direction="2"/><parameter name="role" multivalue="false" required="false" type="3" direction="2"/><parameter name="ismanuallyassigned" multivalue="false" required="false" type="3" direction="2"/><parameter name="priority" multivalue="false" required="false" type="3" direction="2"/><parameter name="customfields" multivalue="true" required="false" type="2" direction="2"/></service><service name="DCM_ThrowAsyncMessageEvent" desc="This service can be used to send a message event to the case engine, without waiting for the result. "><exitEvent>IdError</exitEvent><parameter name="messageEvent" multivalue="false" required="true" type="3" direction="1"/><parameter name="eventValues" multivalue="true" required="false" type="2" direction="1"/><parameter name="sendToCaseIds" multivalue="false" required="false" type="1" direction="1"/></service><service name="DCM_ExecuteTask" desc="This type of service is used to execute the active task. A task will be active when a user starts a task via the workload container, via the AQ_NextTasksForCase service or via a custom service."><exitEvent>complete</exitEvent><exitEvent>abort</exitEvent><exitEvent>locked</exitEvent><exitEvent>denied</exitEvent><parameter name="taskId" multivalue="true" required="false" type="1" direction="1"/></service><validator name="StringLength"><parameter name="minlength" multivalue="false" required="false" type="2" direction="-1"/><parameter name="maxlength" multivalue="false" required="false" type="2" direction="-1"/></validator><validator name="Date"><parameter name="comparedate" multivalue="false" required="false" type="2" direction="-1"/><parameter name="comparator" multivalue="false" required="false" type="2" direction="-1"/><parameter name="compareday" multivalue="false" required="false" type="2" direction="-1"/><parameter name="comparemonth" multivalue="false" required="false" type="2" direction="-1"/><parameter name="compareyear" multivalue="false" required="false" type="2" direction="-1"/></validator><validator name="Number"><parameter name="maxIncl" multivalue="false" required="false" type="2" direction="-1"/><parameter name="minIncl" multivalue="false" required="false" type="2" direction="-1"/><parameter name="maxExcl" multivalue="false" required="false" type="2" direction="-1"/><parameter name="minExcl" multivalue="false" required="false" type="2" direction="-1"/></validator><validator name="BankAccount"><parameter name="type" multivalue="false" required="false" type="2" direction="-1"/><parameter name="locale" multivalue="false" required="false" type="2" direction="-1"/></validator><validator name="SofiNumberValidator"><parameter name="locale" multivalue="false" required="false" type="2" direction="-1"/></validator><validator name="Regexp"><parameter name="posRegExp" multivalue="false" required="false" type="2" direction="-1"/><parameter name="negRegExp" multivalue="false" required="false" type="2" direction="-1"/></validator><validator name="IBAN" desc="Validates a string as International Bank Account Number (IBAN)"/><globalParameter name="AQ_PlaceholderText" parameterType="text"/><globalParameter name="AQ_QuestionText" parameterType="text"/><globalParameter name="AQ_ExplainText" parameterType="text"/><fieldType name="AQ_Boolean_Toggle" output="attribute" dataType="0" preconditionAvailable="true" readOnlyAvailable="true" requiredAvailable="true" refreshAvailable="true" lengthAvailable="false"><globalParameter name="AQ_QuestionText"/><globalParameter name="AQ_ExplainText"/><presentationStyle name="toggle"/></fieldType><fieldType name="AQ_Boolean" output="attribute" dataType="0" preconditionAvailable="true" readOnlyAvailable="true" requiredAvailable="true" refreshAvailable="true" lengthAvailable="false"><globalParameter name="AQ_QuestionText"/><globalParameter name="AQ_ExplainText"/></fieldType><fieldType name="AQ_Number" output="attribute" dataType="2" preconditionAvailable="true" readOnlyAvailable="true" requiredAvailable="true" refreshAvailable="true" lengthAvailable="false"><globalParameter name="AQ_QuestionText"/><globalParameter name="AQ_ExplainText"/><globalParameter name="AQ_PlaceholderText"/></fieldType><fieldType name="AQ_Currency" output="attribute" dataType="6" preconditionAvailable="true" readOnlyAvailable="true" requiredAvailable="true" refreshAvailable="true" lengthAvailable="false"><globalParameter name="AQ_QuestionText"/><globalParameter name="AQ_ExplainText"/><globalParameter name="AQ_PlaceholderText"/></fieldType><fieldType name="AQ_Integer" output="attribute" dataType="8" preconditionAvailable="true" readOnlyAvailable="true" requiredAvailable="true" refreshAvailable="true" lengthAvailable="false"><globalParameter name="AQ_QuestionText"/><globalParameter name="AQ_ExplainText"/><globalParameter name="AQ_PlaceholderText"/></fieldType><fieldType name="AQ_DateTime" output="attribute" dataType="9" preconditionAvailable="true" readOnlyAvailable="true" requiredAvailable="true" refreshAvailable="true" lengthAvailable="false"><globalParameter name="AQ_QuestionText"/><globalParameter name="AQ_ExplainText"/><globalParameter name="AQ_PlaceholderText"/></fieldType><fieldType name="AQ_Date" output="attribute" dataType="4" preconditionAvailable="true" readOnlyAvailable="true" requiredAvailable="true" refreshAvailable="true" lengthAvailable="false"><globalParameter name="AQ_QuestionText"/><globalParameter name="AQ_ExplainText"/><globalParameter name="AQ_PlaceholderText"/></fieldType><fieldType name="AQ_Percentage" output="attribute" dataType="7" preconditionAvailable="true" readOnlyAvailable="true" requiredAvailable="true" refreshAvailable="true" lengthAvailable="false"><globalParameter name="AQ_QuestionText"/><globalParameter name="AQ_ExplainText"/><globalParameter name="AQ_PlaceholderText"/></fieldType><fieldType name="AQ_String" output="attribute" dataType="1" preconditionAvailable="true" readOnlyAvailable="true" requiredAvailable="true" refreshAvailable="true" lengthAvailable="true"><globalParameter name="AQ_QuestionText"/><globalParameter name="AQ_ExplainText"/><globalParameter name="AQ_PlaceholderText"/></fieldType></project><webServices/></application></Data></AquimaExportContent><Signature>MCwCFCSrXgld2tOK31n4j/lm1fVGwkpGAhRF/NfjSzYCFy3KvZPpwiJn23hFWg==</Signature></AquimaExport>