<?xml version="1.0" encoding="UTF-8"?><AquimaExport><AquimaExportContent><MetaData><Application Name="Fileupload_e2e" Version="0.0-Trunk" Label="Trunk"/><Generator ExportDate="2023-06-16" StudioVersion="16.1.0.1330" AquimaVersion="16.1.0.1330 OEM"/><Format Version="12.0" Encrypted="false"/><ExportType>Application</ExportType></MetaData><Data><application cachingEnabled="true" moduleId="Root:1.0" outputFailedMasks="false" wrapFailedElements="false" applicationId="Fileupload_e2e:0.0-Trunk" versionLabel="Trunk" applicationMode="Production"><metaModel name="Root" version="1.0"><entity id="File" name="File" abstract="false" singleton="false"><attribute id="File.Id" name="Id" datatype="1" askable="true" multivalue="false" reverseAttr="false"/><attribute id="File.Name" name="Name" datatype="1" askable="true" multivalue="false" reverseAttr="false"/></entity><entity id="ConditionFile" name="ConditionFile" abstract="false" singleton="true"><attribute id="ConditionFile.Uploaded" name="Uploaded" datatype="0" askable="true" multivalue="false" reverseAttr="false"/><attribute id="ConditionFile.Id" name="Id" datatype="1" askable="true" multivalue="false" reverseAttr="false"/></entity><entity id="Repeater" name="Repeater" abstract="false" singleton="false"><attribute id="Repeater.RepeatFileRel" name="RepeatFileRel" datatype="5" askable="true" multivalue="false" reverseAttr="false"><relation type="associative" referrerIsOwner="false" attributeName="Repeater" entityName="RepeatFile"/></attribute></entity><entity id="RepeatFile" name="RepeatFile" abstract="false" singleton="false"><attribute id="RepeatFile.Name" name="Name" datatype="1" askable="true" multivalue="false" reverseAttr="false"/><attribute id="RepeatFile.Id" name="Id" datatype="1" askable="true" multivalue="false" reverseAttr="false"/><attribute id="Repeater.Repeater[Repeater.RepeatFileRel]" name="Repeater" datatype="5" askable="true" multivalue="false" reverseAttr="true"><relation type="associative" referrerIsOwner="false" attributeName="RepeatFileRel" entityName="Repeater"/></attribute></entity><entity id="MultiFile" name="MultiFile" abstract="false" singleton="false"><attribute id="MultiFile.Id" name="Id" datatype="1" askable="true" multivalue="false" reverseAttr="false"/><attribute id="MultiFile.Name" name="Name" datatype="1" askable="true" multivalue="false" reverseAttr="false"/></entity></metaModel><composer><contentStyle name="Large" isDefault="false" isRestricted="false"/><contentStyle name="Full" isDefault="false" isRestricted="false"/><contentStyle name="Medium" isDefault="false" isRestricted="false"/><contentStyle name="tabs" isDefault="false" isRestricted="false"/><contentStyle name="Responsive" isDefault="false" isRestricted="false"/><contentStyle name="Small" isDefault="false" isRestricted="false"/><contentStyle name="instance_linker" isDefault="false" isRestricted="false"/><contentStyle name="justification" isDefault="false" isRestricted="false"/><contentStyle name="visualization" isDefault="false" isRestricted="false"/><field name="MultiFile.Id" attributeName="MultiFile.Id" dataTypeId="1" isMultivalue="false"/><field name="ConditionFile.Uploaded" attributeName="ConditionFile.Uploaded" dataTypeId="0" isMultivalue="false"/><field name="File.Id" attributeName="File.Id" dataTypeId="1" isMultivalue="false"/><field name="File.Name" attributeName="File.Name" dataTypeId="1" isMultivalue="false"><questionText><text language="en-US"><![CDATA[Name]]></text></questionText></field><field name="MultiFile.Name" attributeName="MultiFile.Name" dataTypeId="1" isMultivalue="false"><questionText><text language="en-US"><![CDATA[Name]]></text></questionText></field><field name="ConditionFile.Id" attributeName="ConditionFile.Id" dataTypeId="1" isMultivalue="false"/><field name="RepeatFile.Name" attributeName="RepeatFile.Name" dataTypeId="1" isMultivalue="false"><questionText><text language="en-US"><![CDATA[Name]]></text></questionText></field><field name="RepeatFile.Id" attributeName="RepeatFile.Id" dataTypeId="1" isMultivalue="false"/><button name="Delete"><caption><text language="en-US"><![CDATA[Delete]]></text></caption></button><container name="SingleUpload" typeName="AQ_File_Upload" isContextImmutable="false" isDynamic="true"><displayText><text language="en-US"><![CDATA[SingleUpload]]></text></displayText></container><container name="MultiUpload" typeName="AQ_File_Upload" isContextImmutable="false" isDynamic="true"><displayText><text language="en-US"><![CDATA[MutliUpload]]></text></displayText></container><container name="ConditionedUpload" typeName="AQ_File_Upload" isContextImmutable="false" isDynamic="true"><displayText><text language="en-US"><![CDATA[ConditionedUpload]]></text></displayText><exitEvent>ConditionedUpload</exitEvent><exitEventMapping typeName="FileUploaded" eventName="ConditionedUpload"/></container><container name="RepeaterUpload" typeName="AQ_File_Upload" isContextImmutable="false" isDynamic="true"><displayText><text language="en-US"><![CDATA[Repeater]]></text></displayText><exitEvent>RepeatUpload</exitEvent><exitEventMapping typeName="FileUploaded" eventName="RepeatUpload"/></container><container name="RepeatName" isContextImmutable="false" isDynamic="false"><ref readonlyCondition="TRUE" sortAscending="false" targetTypeId="4" isRefreshElement="false" isLinkedViaRelationAttribute="false"><target><field name="RepeatFile.Name" attributeName="RepeatFile.Name" requiredCondition="FALSE" dataTypeId="1" isMultivalue="false"><questionText><text language="en-US"><![CDATA[Name]]></text></questionText></field></target></ref></container><container name="ExceedingUpload" typeName="AQ_File_Upload" isContextImmutable="false" isDynamic="true"><displayText><text language="en-US"><![CDATA[ExceedingUpload]]></text></displayText></container><page name="Page" isContextImmutable="false" isDynamic="false"><displayText><text language="en-US"><![CDATA[Upload]]></text></displayText><ref condition="" readonlyCondition="FALSE" repeatExpression="" sortAscending="true" targetTypeId="2" isRefreshElement="false" isLinkedViaRelationAttribute="false"><target><container isContextImmutable="false" isDynamic="false"><displayText><text language="en-US"><![CDATA[Single]]></text></displayText><ref readonlyCondition="FALSE" sortAscending="true" targetTypeId="2" isRefreshElement="false" isLinkedViaRelationAttribute="false" targetName="SingleUpload"/><ref condition="SIZE( ALL  File) &gt; 0" readonlyCondition="FALSE" repeatExpression="ALL File" sortAscending="true" targetTypeId="2" isRefreshElement="false" isLinkedViaRelationAttribute="false"><target><container isContextImmutable="false" isDynamic="false"><ref condition="" readonlyCondition="TRUE" sortAscending="false" targetTypeId="4" isRefreshElement="false" isLinkedViaRelationAttribute="false"><target><field name="File.Name" attributeName="File.Name" requiredCondition="FALSE" dataTypeId="1" isMultivalue="false"><questionText><text language="en-US"><![CDATA[Name]]></text></questionText></field></target></ref><ref buttonEvent="Delete" readonlyCondition="FALSE" sortAscending="false" targetTypeId="3" isRefreshElement="false" isLinkedViaRelationAttribute="false" targetName="Delete"><presentationStyle>Primary</presentationStyle></ref></container></target></ref></container></target></ref><ref readonlyCondition="FALSE" sortAscending="true" targetTypeId="2" isRefreshElement="false" isLinkedViaRelationAttribute="false"><target><container isContextImmutable="false" isDynamic="false"><ref readonlyCondition="FALSE" sortAscending="true" targetTypeId="2" isRefreshElement="false" isLinkedViaRelationAttribute="false" targetName="MultiUpload"/><ref readonlyCondition="FALSE" repeatExpression="ALL MultiFile" sortAscending="true" targetTypeId="2" isRefreshElement="false" isLinkedViaRelationAttribute="false"><target><container isContextImmutable="false" isDynamic="false"><ref readonlyCondition="TRUE" sortAscending="false" targetTypeId="4" isRefreshElement="false" isLinkedViaRelationAttribute="false"><target><field name="MultiFile.Name" attributeName="MultiFile.Name" requiredCondition="FALSE" dataTypeId="1" isMultivalue="false"><questionText><text language="en-US"><![CDATA[Name]]></text></questionText></field></target></ref></container></target></ref></container></target></ref><ref readonlyCondition="FALSE" sortAscending="true" targetTypeId="2" isRefreshElement="false" isLinkedViaRelationAttribute="false"><target><container isContextImmutable="false" isDynamic="false"><ref condition="ConditionFile.Uploaded = ?" readonlyCondition="FALSE" sortAscending="true" targetTypeId="2" isRefreshElement="false" isLinkedViaRelationAttribute="false" targetName="ConditionedUpload"/></container></target></ref><ref condition="" readonlyCondition="FALSE" repeatExpression="ALL Repeater" sortAscending="true" targetTypeId="2" isRefreshElement="false" isLinkedViaRelationAttribute="false"><target><container isContextImmutable="false" isDynamic="false"><displayText><text language="en-US"><![CDATA[Repeat]]></text></displayText><ref readonlyCondition="FALSE" sortAscending="true" targetTypeId="2" isRefreshElement="false" isLinkedViaRelationAttribute="false" targetName="RepeaterUpload"/><ref condition="Repeater.RepeatFileRel != ?" readonlyCondition="FALSE" repeatExpression="Repeater.RepeatFileRel" sortAscending="false" targetTypeId="2" isRefreshElement="false" isLinkedViaRelationAttribute="true" createInstanceForEmptyRelation="true" targetName="RepeatName"/></container></target></ref><ref readonlyCondition="FALSE" sortAscending="true" targetTypeId="2" isRefreshElement="false" isLinkedViaRelationAttribute="false"><target><container isContextImmutable="false" isDynamic="false"><displayText><text language="en-US"><![CDATA[Exceeding]]></text></displayText><ref readonlyCondition="FALSE" sortAscending="true" targetTypeId="2" isRefreshElement="false" isLinkedViaRelationAttribute="false" targetName="ExceedingUpload"/></container></target></ref></page></composer><flowEngine><flow name="Start" startNodeId="1" isExposed="true"><parameter name="allowed-channels"/><parameter name="allowed-roles"/><parameter name="transactional" value="false"/><node id="2" targetId="Page" typeId="4"/><node id="3" targetId="UpdateConditioned" typeId="3" actionNodeType="1"/><node id="1" targetId="CreateRepeater" typeId="3" actionNodeType="1"/><node id="4" targetId="CreateRepeater" typeId="3" actionNodeType="1"/><node id="5" targetId="UpdateRepeat" typeId="3" actionNodeType="1"/><node id="6" targetId="DeleteSingleFile" typeId="3" actionNodeType="1"/><edge label="ConditionedUpload" sequenceNr="0" sourceId="2" targetId="3"/><edge label="RepeatUpload" sequenceNr="0" sourceId="2" targetId="5"/><edge label="default" sequenceNr="0" sourceId="2" targetId="6"/><edge label="default" sequenceNr="0" sourceId="3" targetId="2"/><edge label="default" sequenceNr="0" sourceId="1" targetId="4"/><edge label="default" sequenceNr="0" sourceId="4" targetId="2"/><edge label="default" sequenceNr="0" sourceId="5" targetId="2"/><edge label="default" sequenceNr="0" sourceId="6" targetId="2"/></flow></flowEngine><ruleEngine allowTargetDowncast="false" parserVersion="8.0"><expressionEngine/><sources/></ruleEngine><treeEngine/><containerExpander name="SingleUpload" typeName="AQ_File_Upload"><parameter name="Connection" type="value" direction="input"><value dataType="1"><![CDATA[system_a]]></value></parameter><parameter name="FileExtension" type="expression" direction="input"><value dataType="1"><![CDATA[["txt","doc"]]]></value></parameter><parameter name="MaxFileSize" type="expression" direction="input"><value dataType="1"><![CDATA[100000]]></value></parameter><parameter name="Persistence" type="value" direction="input"><value dataType="1"><![CDATA[Temporary]]></value></parameter><parameter name="Mode" type="value" direction="input"><value dataType="1"><![CDATA[Single file]]></value></parameter><parameter name="FileID" type="reference" direction="output"><value dataType="1"><![CDATA[File.Id]]></value></parameter><parameter name="FileName" type="reference" direction="output"><value dataType="1"><![CDATA[File.Name]]></value></parameter></containerExpander><containerExpander name="MultiUpload" typeName="AQ_File_Upload"><parameter name="Connection" type="value" direction="input"><value dataType="1"><![CDATA[system_a]]></value></parameter><parameter name="FileExtension" type="expression" direction="input"><value dataType="1"><![CDATA[["txt","doc"]]]></value></parameter><parameter name="MaxFileSize" type="expression" direction="input"><value dataType="1"><![CDATA[100000]]></value></parameter><parameter name="Persistence" type="value" direction="input"><value dataType="1"><![CDATA[Temporary]]></value></parameter><parameter name="Mode" type="value" direction="input"><value dataType="1"><![CDATA[Multiple files]]></value></parameter><parameter name="FileID" type="reference" direction="output"><value dataType="1"><![CDATA[MultiFile.Id]]></value></parameter><parameter name="FileName" type="reference" direction="output"><value dataType="1"><![CDATA[MultiFile.Name]]></value></parameter></containerExpander><containerExpander name="ConditionedUpload" typeName="AQ_File_Upload"><parameter name="Connection" type="value" direction="input"><value dataType="1"><![CDATA[system_a]]></value></parameter><parameter name="Persistence" type="value" direction="input"><value dataType="1"><![CDATA[Temporary]]></value></parameter><parameter name="Mode" type="value" direction="input"><value dataType="1"><![CDATA[Single file]]></value></parameter><parameter name="FileID" type="reference" direction="output"><value dataType="1"><![CDATA[ConditionFile.Id]]></value></parameter></containerExpander><containerExpander name="RepeaterUpload" typeName="AQ_File_Upload"><parameter name="Connection" type="value" direction="input"><value dataType="1"><![CDATA[system_a]]></value></parameter><parameter name="Persistence" type="value" direction="input"><value dataType="1"><![CDATA[Temporary]]></value></parameter><parameter name="Mode" type="value" direction="input"><value dataType="1"><![CDATA[Single file]]></value></parameter><parameter name="FileID" type="reference" direction="output"><value dataType="1"><![CDATA[RepeatFile.Id]]></value></parameter><parameter name="FileName" type="reference" direction="output"><value dataType="1"><![CDATA[RepeatFile.Name]]></value></parameter></containerExpander><containerExpander name="ExceedingUpload" typeName="AQ_File_Upload"><parameter name="Connection" type="value" direction="input"><value dataType="1"><![CDATA[system_a]]></value></parameter><parameter name="MaxFileSize" type="expression" direction="input"><value dataType="1"><![CDATA[1024*1024*20 /*20MB*/]]></value></parameter><parameter name="Persistence" type="value" direction="input"><value dataType="1"><![CDATA[Temporary]]></value></parameter><parameter name="Mode" type="value" direction="input"><value dataType="1"><![CDATA[Single file]]></value></parameter><parameter name="FileID" type="reference" direction="output"><value dataType="1"><![CDATA[File.Id]]></value></parameter><parameter name="FileName" type="reference" direction="output"><value dataType="1"><![CDATA[File.Name]]></value></parameter></containerExpander><maskCall callName="Curr_Euro_NoDigits_1000Sep" typeName="AQ_NumberPattern"><parameter key="pattern">#,##0</parameter><parameter key="prefix">€ </parameter></maskCall><maskCall callName="Curr_Euro_ValueInWords" typeName="AQ_SpelledCurrency"><parameter key="spellzerocents">false</parameter><parameter key="currency">euro</parameter></maskCall><maskCall callName="Time_hmmss_12hours" typeName="AQ_DatePattern"><parameter key="pattern">h:mm:ss a</parameter></maskCall><maskCall callName="Date_dMMyyyy_HHmmss_24hours" typeName="AQ_DatePattern"><parameter key="pattern">d-MM-yyyy HH:mm:ss</parameter></maskCall><maskCall callName="Time_hmm_12hours" typeName="AQ_DatePattern"><parameter key="pattern">h:mm a</parameter></maskCall><maskCall callName="Date_ddMM_SpaceSep" typeName="AQ_DatePattern"><parameter key="pattern">dd MM</parameter></maskCall><maskCall callName="Date_yyyyMMdd_SpaceSep" typeName="AQ_DatePattern"><parameter key="pattern">yyyy MM dd</parameter></maskCall><maskCall callName="AllLowercase" typeName="AQ_SetCase"><parameter key="case">lower</parameter></maskCall><maskCall callName="AllUppercase" typeName="AQ_SetCase"><parameter key="case">upper</parameter></maskCall><maskCall callName="Perc_1Digit_1000Sep" typeName="AQ_NumberPattern"><parameter key="pattern">#,##0.0</parameter><parameter key="postfix"> %</parameter></maskCall><maskCall callName="Date_yyyyshortmonthdd_MinSep" typeName="AQ_DatePattern"><parameter key="pattern">yyyy-shortmonth-dd</parameter></maskCall><maskCall callName="Num_NoDigits" typeName="AQ_NumberPattern"><parameter key="pattern">#0</parameter></maskCall><maskCall callName="Date_ddMM_MinSep" typeName="AQ_DatePattern"><parameter key="pattern">dd-MM</parameter></maskCall><maskCall callName="Date_ddMMyyyy_SpaceSep" typeName="AQ_DatePattern"><parameter key="pattern">dd MM yyyy</parameter></maskCall><maskCall callName="Date_ddMMyy_SpaceSep" typeName="AQ_DatePattern"><parameter key="pattern">dd MM yy</parameter></maskCall><maskCall callName="Num_1Digit" typeName="AQ_NumberPattern"><parameter key="pattern">#0.0</parameter></maskCall><maskCall callName="Date_dMMyy_hmmss_12hours" typeName="AQ_DatePattern"><parameter key="pattern">d-MM-yy h:mm:ss a</parameter></maskCall><maskCall callName="Date_MM" typeName="AQ_DatePattern"><parameter key="pattern">MM</parameter></maskCall><maskCall callName="Int_InWords" typeName="AQ_SpelledInteger"/><maskCall callName="Time_hhmmss_12hours" typeName="AQ_DatePattern"><parameter key="pattern">hh:mm:ss a</parameter></maskCall><maskCall callName="Time_HHmmss_24hours" typeName="AQ_DatePattern"><parameter key="pattern">HH:mm:ss</parameter></maskCall><maskCall callName="Date_ddMMyy_SlashSep" typeName="AQ_DatePattern"><parameter key="pattern">dd/MM/yy</parameter></maskCall><maskCall callName="Time_HHmm_24hours" typeName="AQ_DatePattern"><parameter key="pattern">HH:mm</parameter></maskCall><maskCall callName="Date_dayofweekddmonthyyyy_SpaceSep" typeName="AQ_DatePattern"><parameter key="pattern">dayofweek dd month yyyy</parameter></maskCall><maskCall callName="Date_shortmonth" typeName="AQ_DatePattern"><parameter key="pattern">shortmonth</parameter></maskCall><maskCall callName="String_ZipCode_NL" typeName="AQ_RegularExpression"><parameter key="regexp-search">^([0-9]{4})\s*([A-Z]{2})$</parameter><parameter key="replace">$1 $2</parameter><parameter key="toupper">true</parameter></maskCall><maskCall callName="Date_dmonthyyyy_SpaceSep" typeName="AQ_DatePattern"><parameter key="pattern">d month yyyy</parameter></maskCall><maskCall callName="Date_ddMMyy_HHmmss_24hours" typeName="AQ_DatePattern"><parameter key="pattern">dd-MM-yy HH:mm:ss</parameter></maskCall><maskCall callName="Date_dMMyyyy_hmm_12hours" typeName="AQ_DatePattern"><parameter key="pattern">d-MM-yyyy h:mm a</parameter></maskCall><maskCall callName="Curr_Pound_ValueInWords" typeName="AQ_SpelledCurrency"><parameter key="spellzerocents">false</parameter><parameter key="currency">pound</parameter></maskCall><maskCall callName="Date_RelativeToToday_InWords" typeName="AQ_SpelledDeltaDate"/><maskCall callName="Date_ddshortmonthyyyy_SlashSep" typeName="AQ_DatePattern"><parameter key="pattern">dd/shortmonth/yyyy</parameter></maskCall><maskCall callName="Num_NoDigits_1000Sep" typeName="AQ_NumberPattern"><parameter key="pattern">#,##0</parameter></maskCall><maskCall callName="Date_month" typeName="AQ_DatePattern"><parameter key="pattern">month</parameter></maskCall><maskCall callName="Num_3DigitsNoZeros" typeName="AQ_NumberPattern"><parameter key="pattern">#0.000</parameter><parameter key="zero-fraction">-</parameter></maskCall><maskCall callName="Curr_Dollar_ValueInWords_ZeroCents" typeName="AQ_SpelledCurrency"><parameter key="spellzerocents">true</parameter><parameter key="currency">dollar</parameter></maskCall><maskCall callName="Date_dMMyy_HHmmss_24hours" typeName="AQ_DatePattern"><parameter key="pattern">d-MM-yy HH:mm:ss</parameter></maskCall><maskCall callName="Date_dd" typeName="AQ_DatePattern"><parameter key="pattern">dd</parameter></maskCall><maskCall callName="Bool_InWordsAbbr" typeName="AQ_SpelledBoolean"><parameter key="short">true</parameter></maskCall><maskCall callName="Num_2Digits" typeName="AQ_NumberPattern"><parameter key="pattern">#0.00</parameter></maskCall><maskCall callName="Date_ddmonthyyyy_MinSep" typeName="AQ_DatePattern"><parameter key="pattern">dd-month-yyyy</parameter></maskCall><maskCall callName="Date_yyyymonthdd_MinSep" typeName="AQ_DatePattern"><parameter key="pattern">yyyy-month-dd</parameter></maskCall><maskCall callName="Num_3Digits" typeName="AQ_NumberPattern"><parameter key="pattern">#0.000</parameter></maskCall><maskCall callName="Date_Year" typeName="AQ_DatePattern"><parameter key="pattern">year</parameter></maskCall><maskCall callName="Curr_Euro_ValueInWords_ZeroCents" typeName="AQ_SpelledCurrency"><parameter key="spellzerocents">true</parameter><parameter key="currency">euro</parameter></maskCall><maskCall callName="Curr_Euro_2DigitsNoZeros" typeName="AQ_NumberPattern"><parameter key="pattern">###0.00</parameter><parameter key="prefix">€ </parameter><parameter key="zero-fraction">-</parameter></maskCall><maskCall callName="Num_2DigitsNoZeros" typeName="AQ_NumberPattern"><parameter key="pattern">#0.00</parameter><parameter key="zero-fraction">-</parameter></maskCall><maskCall callName="Date_ddMMyyyy_HHmmss_24hours" typeName="AQ_DatePattern"><parameter key="pattern">dd-MM-yyyy HH:mm:ss</parameter></maskCall><maskCall callName="Date_ddmonthyyyy_SlashSep" typeName="AQ_DatePattern"><parameter key="pattern">dd/month/yyyy</parameter></maskCall><maskCall callName="Date_ddMMyyyy_NoSep" typeName="AQ_DatePattern"><parameter key="pattern">ddMMyyyy</parameter></maskCall><maskCall callName="Date_ddshortmonthyyyy_MinSep" typeName="AQ_DatePattern"><parameter key="pattern">dd-shortmonth-yyyy</parameter></maskCall><maskCall callName="Date_ddmonthyyyy_SpaceSep" typeName="AQ_DatePattern"><parameter key="pattern">dd month yyyy</parameter></maskCall><maskCall callName="Num_2DigitsNoZeros_1000Sep" typeName="AQ_NumberPattern"><parameter key="pattern">#,##0.00</parameter><parameter key="zero-fraction">-</parameter></maskCall><maskCall callName="Curr_Dollar_ValueInWords" typeName="AQ_SpelledCurrency"><parameter key="spellzerocents">false</parameter><parameter key="currency">dollar</parameter></maskCall><maskCall callName="Date_ddMM_SlashSep" typeName="AQ_DatePattern"><parameter key="pattern">dd/MM</parameter></maskCall><maskCall callName="Date_ddMMyy_hhmmss_12hours" typeName="AQ_DatePattern"><parameter key="pattern">dd-MM-yy hh:mm:ss a</parameter></maskCall><maskCall callName="Date_ddMMyyyy_hhmm_12hours" typeName="AQ_DatePattern"><parameter key="pattern">dd-MM-yyyy hh:mm a</parameter></maskCall><maskCall callName="Perc_3Digit_1000Sep" typeName="AQ_NumberPattern"><parameter key="pattern">#,##0.000</parameter><parameter key="postfix"> %</parameter></maskCall><maskCall callName="Date_ddMMyyyy_hhmmss_12hours" typeName="AQ_DatePattern"><parameter key="pattern">dd-MM-yyyy hh:mm:ss a</parameter></maskCall><maskCall callName="Curr_Euro_2DigitsNoZeros_1000Sep" typeName="AQ_NumberPattern"><parameter key="pattern">#,##0.00</parameter><parameter key="prefix">€ </parameter><parameter key="zero-fraction">-</parameter></maskCall><maskCall callName="Num_2Digits_InWords" typeName="AQ_SpelledNumber"/><maskCall callName="DayOfWorkWeek" typeName="AQ_SpelledDayOfWeek"><parameter key="first-day-of-week">monday</parameter></maskCall><maskCall callName="Date_day" typeName="AQ_DatePattern"><parameter key="pattern">day</parameter></maskCall><maskCall callName="Date_dmonthyyyy_HHmmss_24hours" typeName="AQ_DatePattern"><parameter key="pattern">d month yyyy HH:mm</parameter></maskCall><maskCall callName="Bool_InWords" typeName="AQ_SpelledBoolean"><parameter key="short">false</parameter></maskCall><maskCall callName="FirstUppercase" typeName="AQ_FirstToUpperCase"/><maskCall callName="Num_2Digits_1000Sep" typeName="AQ_NumberPattern"><parameter key="pattern">#,##0.00</parameter></maskCall><maskCall callName="Curr_Pound_ValueInWords_Zeropennies" typeName="AQ_SpelledCurrency"><parameter key="spellzerocents">true</parameter><parameter key="currency">pound</parameter></maskCall><maskCall callName="Num_Absolute" typeName="AQ_NumberPattern"><parameter key="pattern">#0;#</parameter></maskCall><maskCall callName="Date_ddMMyyyy_MinSep" typeName="AQ_DatePattern"><parameter key="pattern">dd-MM-yyyy</parameter></maskCall><maskCall callName="Perc_1000Sep" typeName="AQ_NumberPattern"><parameter key="pattern">#,##0.0####</parameter><parameter key="postfix"> %</parameter></maskCall><maskCall callName="Date_dMMyyyy_hmmss_12hours" typeName="AQ_DatePattern"><parameter key="pattern">d-MM-yyyy h:mm:ss a</parameter></maskCall><maskCall callName="Num_Ordinal_InWords" typeName="AQ_OrdinalNumber"/><maskCall callName="Num_5Digits" typeName="AQ_NumberPattern"><parameter key="pattern">#0.00000</parameter></maskCall><maskCall callName="Perc_2Digit_1000Sep" typeName="AQ_NumberPattern"><parameter key="pattern">#,##0.00</parameter><parameter key="postfix"> %</parameter></maskCall><maskCall callName="Date_dmonthyyyy_hmm_12hours" typeName="AQ_DatePattern"><parameter key="pattern">d month yyyy h:mm a</parameter></maskCall><maskCall callName="Date_dayofweek" typeName="AQ_DatePattern"><parameter key="pattern">dayofweek</parameter></maskCall><maskCall callName="RomanNumeralsLow" typeName="AQ_RomanInteger"><parameter key="case">lower</parameter></maskCall><maskCall callName="Date_yyyyshortmonthdd_SlashSep" typeName="AQ_DatePattern"><parameter key="pattern">yyyy/shortmonth/dd</parameter></maskCall><maskCall callName="Num_6Digits" typeName="AQ_NumberPattern"><parameter key="pattern">#0.000000</parameter></maskCall><maskCall callName="Curr_Euro_NoDigits" typeName="AQ_NumberPattern"><parameter key="pattern">#0</parameter><parameter key="prefix">€ </parameter></maskCall><maskCall callName="Date_yyyy" typeName="AQ_DatePattern"><parameter key="pattern">yyyy</parameter></maskCall><maskCall callName="Date_ddMMyyyy_SlashSep" typeName="AQ_DatePattern"><parameter key="pattern">dd/MM/yyyy</parameter></maskCall><maskCall callName="Num_3DigitsNoZeros_1000Sep" typeName="AQ_NumberPattern"><parameter key="pattern">#,##0.000</parameter><parameter key="zero-fraction">-</parameter></maskCall><maskCall callName="Date_yyyyMMdd_MinSep" typeName="AQ_DatePattern"><parameter key="pattern">yyyy-MM-dd</parameter></maskCall><maskCall callName="Date_ddshortmonthyyyy_SpaceSep" typeName="AQ_DatePattern"><parameter key="pattern">dd shortmonth yyyy</parameter></maskCall><maskCall callName="DayOfWeek" typeName="AQ_SpelledDayOfWeek"><parameter key="first-day-of-week">sunday</parameter></maskCall><maskCall callName="SocialSecurityNumber_Dutch" typeName="AQ_RegularExpression"><parameter key="regexp-search">^0*([0-9]{4})([0-9]{2})([0-9]{3})$</parameter><parameter key="replace">$1-$2-$3</parameter><parameter key="prefix">00000000</parameter></maskCall><maskCall callName="Int_MonthInWords" typeName="AQ_SpelledMonth"/><maskCall callName="Date_dMMyy_hmm_12hours" typeName="AQ_DatePattern"><parameter key="pattern">d-MM-yy h:mm a</parameter></maskCall><maskCall callName="Acronym" typeName="AQ_RegularExpression"><parameter key="regexp-search">[\.\s]*([^.\s]{1})[\.\s]*</parameter><parameter key="replace">$1</parameter><parameter key="toupper">true</parameter></maskCall><maskCall callName="Date_ddMMyy_MinSep" typeName="AQ_DatePattern"><parameter key="pattern">dd-MM-yy</parameter></maskCall><maskCall callName="RomanNumeralsUp" typeName="AQ_RomanInteger"><parameter key="case">upper</parameter></maskCall><maskCall callName="Num_4Digits" typeName="AQ_NumberPattern"><parameter key="pattern">#0.0000</parameter></maskCall><maskCall callName="Date_yyyyshortmonthdd_SpaceSep" typeName="AQ_DatePattern"><parameter key="pattern">yyyy shortmonth dd</parameter></maskCall><maskCall callName="BankAccountNr_NL" typeName="AQ_RegularExpression"><parameter key="regexp-search">^0*([0-9]{2})([0-9]{2})([0-9]{2})([0-9]{3})$</parameter><parameter key="replace">$1.$2.$3.$4</parameter><parameter key="prefix">00000000</parameter></maskCall><maskCall callName="Date_ddMMyy_hhmm_12hours" typeName="AQ_DatePattern"><parameter key="pattern">dd-MM-yy hh:mm a</parameter></maskCall><maskCall callName="Curr_Euro_2Digits_1000Sep" typeName="AQ_NumberPattern"><parameter key="pattern">#,##0.00</parameter><parameter key="prefix">€ </parameter></maskCall><maskCall callName="Curr_Euro_3DigitsNoZeros_1000Sep" typeName="AQ_NumberPattern"><parameter key="pattern">#,##0.000</parameter><parameter key="prefix">€</parameter><parameter key="zero-fraction">-</parameter></maskCall><maskCall callName="Date_yyyymonthdd_SpaceSep" typeName="AQ_DatePattern"><parameter key="pattern">yyyy month dd</parameter></maskCall><maskCall callName="Curr_Euro_3DigitsNoZeros" typeName="AQ_NumberPattern"><parameter key="pattern">###0.000</parameter><parameter key="prefix">€ </parameter><parameter key="zero-fraction">-</parameter></maskCall><maskCall callName="Time_hhmm_12hours" typeName="AQ_DatePattern"><parameter key="pattern">hh:mm a</parameter></maskCall><serviceCall callName="UpdateRepeat" typeName="AQ_Instance_Update"><parameter name="data" type="value" direction="input"><value dataType="1"><![CDATA[<?xml version="1.0" encoding="utf-8"?><InstanceUpdateContentData Entity="Repeater" ClearBeforeExecute="False"><AttributeRelations><Relation Name="RepeatFileRel" Value="UNPACK(COLLECT RepeatFile FROM ALL RepeatFile WHERE (RepeatFile.Repeater = ?))" /></AttributeRelations></InstanceUpdateContentData>]]></value></parameter></serviceCall><serviceCall callName="UpdateConditioned" typeName="AQ_Instance_Update"><parameter name="data" type="value" direction="input"><value dataType="1"><![CDATA[<?xml version="1.0" encoding="utf-8"?><InstanceUpdateContentData Entity="ConditionFile" ClearBeforeExecute="False"><AttributeRelations><Attribute Name="Uploaded" Value="TRUE" /></AttributeRelations></InstanceUpdateContentData>]]></value></parameter></serviceCall><serviceCall callName="CreateRepeater" typeName="AQ_Instance_Create"><parameter name="data" type="value" direction="input"><value dataType="1"><![CDATA[<?xml version="1.0" encoding="utf-8"?><InstanceCreateContentData Entity="Repeater" InstanceActivationType="Before" />]]></value></parameter></serviceCall><serviceCall callName="DeleteSingleFile" typeName="AQ_DeleteInstance"><parameter name="type" type="reference" direction="input"><value dataType="1"><![CDATA[File]]></value></parameter></serviceCall><communicationEngine><schemaSets/><soapServices/><restServices/><contracts/><domainSchemas/></communicationEngine><project defaultLanguage="English" name="Fileupload_e2e" version="0.0-Trunk" versionLabel="Trunk"><expander name="AQ_JustificationsV2" desc="Use this container to add justification to the outcome of your calculation or assessment."><parameter name="attribute-path" multivalue="false" required="true" type="1" direction="1"/><parameter name="detail-level" multivalue="false" required="false" type="2" direction="1"/><parameter name="default-format" multivalue="false" required="false" type="2" direction="1"/><parameter name="conditional-formats" multivalue="true" required="false" type="1" direction="1"/></expander><expander name="AQ_Statistic_Visualization" desc="A container that displays statistics."/><expander name="AQ_File_Download" desc="With this container it is possible to download a file."><parameter name="Connection" multivalue="false" required="true" type="2" direction="1"/><parameter name="FileId" multivalue="false" required="true" type="3" direction="1"/><parameter name="ButtonText" multivalue="false" required="true" type="3" direction="1"/><parameter name="ButtonPresentationStyle" multivalue="false" required="false" type="3" direction="1"/></expander><expander name="AQ_InstanceLinker" desc="This container connects an instance of one entity to the instance of a related entity."><parameter name="entityName" multivalue="false" required="true" type="2" direction="1"/><parameter name="attributes" multivalue="false" required="true" type="2" direction="1"/><parameter name="whereClause" multivalue="false" required="false" type="2" direction="1"/><parameter name="required" multivalue="false" required="false" type="2" direction="1"/><parameter name="readonly" multivalue="false" required="false" type="2" direction="1"/><parameter name="refresh" multivalue="false" required="false" type="2" direction="1"/><parameter name="format" multivalue="false" required="false" type="2" direction="1"/><parameter name="sortAttribute" multivalue="false" required="false" type="2" direction="1"/><parameter name="sortOrder" multivalue="false" required="true" type="2" direction="1"/><parameter name="presentationStyles" multivalue="true" required="false" type="3" direction="1"/></expander><expander name="AQ_FlowOnRefresh" desc="With this container it is possible to start a flow on refresh."><parameter name="Flow" multivalue="false" required="true" type="3" direction="1"/><parameter name="Validation" multivalue="false" required="false" type="2" direction="1"/></expander><expander name="AQ_DecisionTreeSelector" desc="This container retrieves a number of decision trees that match the given symptom."><parameter name="symptom-attribute" multivalue="false" required="true" type="3" direction="1"/><parameter name="matchButton" multivalue="false" required="true" type="3" direction="1"/><parameter name="selectButton" multivalue="false" required="true" type="3" direction="1"/><parameter name="threshold" multivalue="false" required="false" type="2" direction="1"/><parameter name="maxresults" multivalue="false" required="false" type="2" direction="1"/></expander><expander name="AQ_DecisionTreeEvaluator" desc="This container executes the selected decision tree. This container has no containment."><parameter name="continueButton" multivalue="false" required="false" type="3" direction="1"/><parameter name="stopButton" multivalue="false" required="false" type="3" direction="1"/><parameter name="retryButton" multivalue="false" required="false" type="3" direction="1"/><parameter name="decisionTreeSourceExpression" multivalue="false" required="false" type="1" direction="1"/><parameter name="decisionTreeTargetMapping" multivalue="true" required="false" type="3" direction="1"/><parameter name="DecisionTree" multivalue="false" required="false" type="3" direction="1"/><parameter name="skip-filled-questions" multivalue="false" required="false" type="2" direction="1"/><parameter name="show-implicit-answers" multivalue="false" required="false" type="2" direction="1"/><parameter name="answers-readonly" multivalue="false" required="false" type="2" direction="1"/><parameter name="show-attribute-solutions" multivalue="false" required="false" type="2" direction="1"/></expander><expander name="AQ_Justifications" desc="Use this container to add justification to the outcome of your calculation or assessment."><parameter name="attribute-path" multivalue="false" required="true" type="1" direction="1"/><parameter name="detail-level" multivalue="false" required="false" type="2" direction="1"/><parameter name="formats" multivalue="false" required="true" type="2" direction="1"/></expander><expander name="AQ_InstanceList" desc="The AQ_InstanceList container shows instances of an entity, and of subtypes of that entity. The container can contain an expression to filter the entities shown. The instances to show can also be filtered by accessing the container through a multi-value relation (i.e., setting the context for the container)."><parameter name="referrer-path" multivalue="false" required="false" type="1" direction="1"/><parameter name="entity" multivalue="false" required="true" type="3" direction="1"/><parameter name="noinstancecontainer" multivalue="false" required="false" type="3" direction="1"/><parameter name="headercontainer" multivalue="false" required="false" type="3" direction="1"/><parameter name="whereclause" multivalue="false" required="false" type="1" direction="1"/><parameter name="sortattribute" multivalue="false" required="false" type="3" direction="1"/><parameter name="sortorder" multivalue="false" required="false" type="2" direction="1"/><parameter name="sortunknownsaslast" multivalue="false" required="false" type="2" direction="1"/><parameter name="pagingsize" multivalue="false" required="false" type="2" direction="1"/></expander><expander name="AQ_ExternalFlow"><parameter name="Connection" multivalue="false" required="true" type="1" direction="3"/><parameter name="Mapping" multivalue="false" required="false" type="3" direction="3"/><parameter name="Contract" multivalue="false" required="false" type="2" direction="3"/></expander><expander name="AQ_File_Upload" desc="With this container it is possible to upload several files at once."><parameter name="Connection" multivalue="false" required="true" type="2" direction="1"/><parameter name="FileExtension" multivalue="false" required="false" type="1" direction="1"/><parameter name="MaxFileSize" multivalue="false" required="false" type="1" direction="1"/><parameter name="Persistence" multivalue="false" required="true" type="2" direction="1"/><parameter name="Mode" multivalue="false" required="true" type="2" direction="1"/><parameter name="UpdateFileID" multivalue="false" required="false" type="3" direction="1"/><parameter name="CaseID" multivalue="false" required="false" type="1" direction="1"/><parameter name="FileID" multivalue="false" required="true" type="3" direction="2"/><parameter name="FileName" multivalue="false" required="false" type="3" direction="2"/><parameter name="FileType" multivalue="false" required="false" type="3" direction="2"/><parameter name="FileSize" multivalue="false" required="false" type="3" direction="2"/><parameter name="FileCreatedBy" multivalue="false" required="false" type="3" direction="2"/><parameter name="FileCreationDate" multivalue="false" required="false" type="3" direction="2"/><parameter name="AuthorizedRoles" multivalue="true" required="false" type="3" direction="1"/></expander><expander name="AQ_CMIS_DownloadDocument" desc="This container retreives a document from a document management system (DMS) using a CMIS connection."><parameter name="Id" multivalue="false" required="false" type="1" direction="1"/><parameter name="Name" multivalue="false" required="false" type="1" direction="1"/><parameter name="Path" multivalue="false" required="false" type="1" direction="1"/><parameter name="DisplayText" multivalue="false" required="true" type="3" direction="1"/></expander><language name="English" code="en-US"/><service name="AQ_StoreDecision" desc="This service stores a decision graph in the trace database."><parameter name="Decision" multivalue="false" required="true" type="3" direction="1"/><parameter name="DecisionType" multivalue="false" required="false" type="1" direction="1"/><parameter name="ReferenceIds" multivalue="false" required="false" type="1" direction="1"/></service><service name="AQ_CMIS_DocumentManager" desc="The service can store, update and delete documents in a document management system (DMS)."><exitEvent>Denied</exitEvent><parameter name="data" multivalue="false" required="true" type="2" direction="1"/></service><service name="AQ_Report" desc="Use this service when you want to export profile data (possibly with a data mapping) to an external system, such as a datawarehouse."><parameter name="Connection" multivalue="false" required="true" type="2" direction="1"/><parameter name="DataMapping" multivalue="false" required="false" type="3" direction="1"/></service><service name="AQ_StartProject" desc="The AQ_StartProject service starts an exposed flow in another project."><exitEvent>Unauthorized</exitEvent><parameter name="ShortcutName" multivalue="false" required="false" type="1" direction="1"/><parameter name="ShortcutAttribute" multivalue="false" required="false" type="3" direction="1"/><parameter name="Action" multivalue="false" required="true" type="2" direction="1"/><parameter name="Data" multivalue="true" required="false" type="1" direction="1"/></service><service name="AQ_File_Move" desc="Move a file from one connection to another."><exitEvent>Unauthorized</exitEvent><parameter name="ConnectionFrom" multivalue="false" required="true" type="2" direction="1"/><parameter name="ConnectionTo" multivalue="false" required="true" type="2" direction="1"/><parameter name="FileId" multivalue="false" required="true" type="3" direction="3"/></service><service name="AQ_CMIS_GetDocumentMetadata" desc="This type of service is used to retrieve information from the current document for displaying purposes. The attribute types that are used in the parameters should match the type of information returned by the service to avoid type conversion errors."><exitEvent>Denied</exitEvent><parameter name="data" multivalue="false" required="false" type="2" direction="1"/></service><service name="AQ_GetAuthenticationClaims" desc="This service transfers the configured authentication claims from the session to the profile."><exitEvent>MappingFailure</exitEvent><exitEvent>NothingToMap</exitEvent><parameter name="Claims" multivalue="true" required="true" type="3" direction="1"/></service><service name="AQ_Instance_Create" desc="Create an instance and set attributes and relations for it."><parameter name="data" multivalue="false" required="false" type="2" direction="1"/></service><service name="AQ_ActivateInstance" desc="Activate a specific instance in a flow, for displaying on a page, use in conditions, subflows or pages."><parameter name="entity-name" multivalue="false" required="false" type="3" direction="1"/><parameter name="relation" multivalue="false" required="false" type="1" direction="1"/><parameter name="condition" multivalue="false" required="false" type="1" direction="1"/></service><service name="AQ_Function_GetInput" desc="DEPRECATED. This service is deprecated.&#10;Please use the parameters tab on function flows instead. &#13;&#10;&#13;&#10;With this service you can retrieve the parameter values that are submitted to the function call and place them in the profile."><parameter name="input" multivalue="true" required="false" type="3" direction="2"/></service><service name="AQ_File_Delete" desc="Delete a specific file."><exitEvent>Unauthorized</exitEvent><parameter name="Connection" multivalue="false" required="true" type="2" direction="1"/><parameter name="FileId" multivalue="false" required="true" type="3" direction="1"/><parameter name="RemoveInstance" multivalue="false" required="true" type="2" direction="1"/></service><service name="AQ_SoapServiceClient" desc="This service calls a SOAP webservice. Java only."><exitEvent>Ok</exitEvent><exitEvent>Timeout</exitEvent><exitEvent>SoapFault</exitEvent><exitEvent>Error</exitEvent><parameter name="soapService" multivalue="false" required="true" type="3" direction="1"/><parameter name="operation" multivalue="false" required="true" type="2" direction="1"/><parameter name="url" multivalue="false" required="false" type="1" direction="1"/><parameter name="connectionOverride" multivalue="false" required="false" type="1" direction="1"/><parameter name="mapping" multivalue="false" required="false" type="3" direction="3"/><parameter name="username" multivalue="false" required="false" type="2" direction="1"/><parameter name="password" multivalue="false" required="false" type="2" direction="1"/><parameter name="soapFault" multivalue="false" required="true" type="3" direction="2"/><parameter name="soapFaultCode" multivalue="false" required="true" type="3" direction="2"/><parameter name="soapFaultMessage" multivalue="false" required="true" type="3" direction="2"/><parameter name="soapFaultRole" multivalue="false" required="false" type="3" direction="2"/><parameter name="soapFaultDetails" multivalue="false" required="false" type="3" direction="2"/><parameter name="connection" multivalue="false" required="false" type="2" direction="3"/><parameter name="fileList" multivalue="false" required="false" type="1" direction="1"/><parameter name="fileRelation" multivalue="true" required="false" type="3" direction="2"/><parameter name="persistence" multivalue="false" required="false" type="2" direction="1"/><parameter name="caseId" multivalue="false" required="false" type="1" direction="2"/><parameter name="file" multivalue="false" required="false" type="3" direction="2"/><parameter name="fileId" multivalue="false" required="false" type="3" direction="2"/><parameter name="fileContentId" multivalue="false" required="false" type="3" direction="2"/><parameter name="fileName" multivalue="false" required="false" type="3" direction="2"/><parameter name="fileType" multivalue="false" required="false" type="3" direction="2"/><parameter name="fileSize" multivalue="false" required="false" type="3" direction="2"/><parameter name="fileCreatedBy" multivalue="false" required="false" type="3" direction="2"/><parameter name="fileCreationDate" multivalue="false" required="false" type="3" direction="2"/></service><service name="AQ_Instance_Update" desc="Update an instance by setting or clearing attributes and relations."><parameter name="data" multivalue="false" required="false" type="2" direction="1"/></service><service name="AQ_Function_SetOutput" desc="DEPRECATED. This service is deprecated.&#10;Please use the parameters tab on function flows instead. &#13;&#10;&#13;&#10;With this service you can set the outcome of your function call so that they can be retrieved from the calling application."><parameter name="output" multivalue="true" required="true" type="1" direction="1"/></service><service name="AQ_File_UpdateMetaData" desc="Updates meta data."><exitEvent>Unauthorized</exitEvent><parameter name="Connection" multivalue="false" required="true" type="2" direction="1"/><parameter name="FileId" multivalue="false" required="true" type="3" direction="1"/><parameter name="CustomMetaData" multivalue="true" required="false" type="1" direction="1"/><parameter name="CaseID" multivalue="false" required="false" type="1" direction="1"/></service><service name="AQ_GetHeaders" desc="This service transfers the configured message headers from the session to the profile."><exitEvent>MappingFailure</exitEvent><exitEvent>NothingToMap</exitEvent><parameter name="Headers" multivalue="true" required="true" type="3" direction="1"/></service><service name="AQ_GetRequestParameters" desc="The AQ_GetRequestParameters service can be used to retrieve one or more URL arguments and place them on attributes in the profile."><parameter name="Parameters" multivalue="true" required="true" type="3" direction="2"/></service><service name="AQ_MailService" desc="The mail service is a service which can send an email using an asset as body text optionally containing HTML tags."><exitEvent>MailSizeExceeded</exitEvent><parameter name="addresses-to-expr" multivalue="false" required="true" type="1" direction="1"/><parameter name="addresses-cc-expr" multivalue="false" required="false" type="1" direction="1"/><parameter name="addresses-bcc-expr" multivalue="false" required="false" type="1" direction="1"/><parameter name="address-from" multivalue="false" required="true" type="1" direction="1"/><parameter name="smtp-host" multivalue="false" required="false" type="2" direction="1"/><parameter name="smtp-user" multivalue="false" required="false" type="2" direction="1"/><parameter name="smtp-password" multivalue="false" required="false" type="2" direction="1"/><parameter name="mail-asset" multivalue="false" required="true" type="2" direction="1"/><parameter name="smtp-port" multivalue="false" required="false" type="2" direction="1"/><parameter name="smtp-usetls" multivalue="false" required="false" type="2" direction="1"/><parameter name="Connection" multivalue="false" required="false" type="2" direction="1"/><parameter name="FileIds" multivalue="true" required="false" type="1" direction="1"/></service><service name="AQ_DeleteInstance" desc="Delete one or more instances.&#13;&#10;N.B. Use type or attribute-path to select, not both"><parameter name="type" multivalue="false" required="false" type="3" direction="1"/><parameter name="attribute-path" multivalue="false" required="false" type="1" direction="1"/><parameter name="condition" multivalue="false" required="false" type="1" direction="1"/><parameter name="type-scope" multivalue="false" required="false" type="2" direction="1"/><parameter name="exact-type" multivalue="false" required="false" type="2" direction="1"/></service><service name="AQ_CsvConnectivityService" desc="Reads data from a CSV file."><parameter name="input-mapping" multivalue="false" required="true" type="2" direction="1"/><parameter name="output-mapping" multivalue="false" required="true" type="2" direction="1"/><parameter name="meta-data" multivalue="false" required="true" type="2" direction="1"/><parameter name="ConnectionName" multivalue="false" required="true" type="2" direction="1"/><parameter name="connection" multivalue="false" required="true" type="2" direction="1"/><parameter name="service-fields" multivalue="false" required="false" type="2" direction="1"/></service><service name="AQ_File_GetMetaData" desc="Retrieve meta data from an uploaded file."><exitEvent>Unauthorized</exitEvent><parameter name="Connection" multivalue="false" required="true" type="2" direction="1"/><parameter name="FileId" multivalue="false" required="true" type="3" direction="1"/><parameter name="Name" multivalue="false" required="false" type="3" direction="2"/><parameter name="Type" multivalue="false" required="false" type="3" direction="2"/><parameter name="Size" multivalue="false" required="false" type="3" direction="2"/><parameter name="CreatedBy" multivalue="false" required="false" type="3" direction="2"/><parameter name="CreationDate" multivalue="false" required="false" type="3" direction="2"/><parameter name="LastUpdatedBy" multivalue="false" required="false" type="3" direction="2"/><parameter name="LastUpdated" multivalue="false" required="false" type="3" direction="2"/><parameter name="CaseID" multivalue="false" required="false" type="3" direction="2"/><parameter name="CustomMetaData" multivalue="true" required="false" type="3" direction="2"/></service><service name="AQ_RestServiceClient" desc="This service calls a Rest webservice. Java only."><exitEvent>Timeout</exitEvent><parameter name="restService" multivalue="false" required="true" type="3" direction="1"/><parameter name="operation" multivalue="false" required="true" type="2" direction="1"/><parameter name="url" multivalue="false" required="false" type="1" direction="1"/><parameter name="connectionOverride" multivalue="false" required="false" type="1" direction="1"/><parameter name="mapping" multivalue="false" required="false" type="3" direction="3"/><parameter name="username" multivalue="false" required="false" type="2" direction="1"/><parameter name="password" multivalue="false" required="false" type="2" direction="1"/></service><validator name="StringLength"><parameter name="minlength" multivalue="false" required="false" type="2" direction="-1"/><parameter name="maxlength" multivalue="false" required="false" type="2" direction="-1"/></validator><validator name="Date"><parameter name="comparedate" multivalue="false" required="false" type="2" direction="-1"/><parameter name="comparator" multivalue="false" required="false" type="2" direction="-1"/><parameter name="compareday" multivalue="false" required="false" type="2" direction="-1"/><parameter name="comparemonth" multivalue="false" required="false" type="2" direction="-1"/><parameter name="compareyear" multivalue="false" required="false" type="2" direction="-1"/></validator><validator name="Number"><parameter name="maxIncl" multivalue="false" required="false" type="2" direction="-1"/><parameter name="minIncl" multivalue="false" required="false" type="2" direction="-1"/><parameter name="maxExcl" multivalue="false" required="false" type="2" direction="-1"/><parameter name="minExcl" multivalue="false" required="false" type="2" direction="-1"/></validator><validator name="BankAccount"><parameter name="type" multivalue="false" required="false" type="2" direction="-1"/><parameter name="locale" multivalue="false" required="false" type="2" direction="-1"/></validator><validator name="SofiNumberValidator"><parameter name="locale" multivalue="false" required="false" type="2" direction="-1"/></validator><validator name="Regexp"><parameter name="posRegExp" multivalue="false" required="false" type="2" direction="-1"/><parameter name="negRegExp" multivalue="false" required="false" type="2" direction="-1"/></validator><validator name="IBAN" desc="Validates a string as International Bank Account Number (IBAN)"/><globalParameter name="AQ_PlaceholderText" parameterType="text"/><globalParameter name="AQ_QuestionText" parameterType="text"/><globalParameter name="AQ_ExplainText" parameterType="text"/><fieldType name="AQ_Boolean_Toggle" output="attribute" dataType="0" preconditionAvailable="true" readOnlyAvailable="true" requiredAvailable="true" refreshAvailable="true" lengthAvailable="false"><globalParameter name="AQ_QuestionText"/><globalParameter name="AQ_ExplainText"/><presentationStyle name="toggle"/></fieldType><fieldType name="AQ_Boolean" output="attribute" dataType="0" preconditionAvailable="true" readOnlyAvailable="true" requiredAvailable="true" refreshAvailable="true" lengthAvailable="false"><globalParameter name="AQ_QuestionText"/><globalParameter name="AQ_ExplainText"/></fieldType><fieldType name="AQ_Number" output="attribute" dataType="2" preconditionAvailable="true" readOnlyAvailable="true" requiredAvailable="true" refreshAvailable="true" lengthAvailable="false"><globalParameter name="AQ_QuestionText"/><globalParameter name="AQ_ExplainText"/><globalParameter name="AQ_PlaceholderText"/></fieldType><fieldType name="AQ_Currency" output="attribute" dataType="6" preconditionAvailable="true" readOnlyAvailable="true" requiredAvailable="true" refreshAvailable="true" lengthAvailable="false"><globalParameter name="AQ_QuestionText"/><globalParameter name="AQ_ExplainText"/><globalParameter name="AQ_PlaceholderText"/></fieldType><fieldType name="AQ_Integer" output="attribute" dataType="8" preconditionAvailable="true" readOnlyAvailable="true" requiredAvailable="true" refreshAvailable="true" lengthAvailable="false"><globalParameter name="AQ_QuestionText"/><globalParameter name="AQ_ExplainText"/><globalParameter name="AQ_PlaceholderText"/></fieldType><fieldType name="AQ_DateTime" output="attribute" dataType="9" preconditionAvailable="true" readOnlyAvailable="true" requiredAvailable="true" refreshAvailable="true" lengthAvailable="false"><globalParameter name="AQ_QuestionText"/><globalParameter name="AQ_ExplainText"/><globalParameter name="AQ_PlaceholderText"/></fieldType><fieldType name="AQ_Date" output="attribute" dataType="4" preconditionAvailable="true" readOnlyAvailable="true" requiredAvailable="true" refreshAvailable="true" lengthAvailable="false"><globalParameter name="AQ_QuestionText"/><globalParameter name="AQ_ExplainText"/><globalParameter name="AQ_PlaceholderText"/></fieldType><fieldType name="AQ_Percentage" output="attribute" dataType="7" preconditionAvailable="true" readOnlyAvailable="true" requiredAvailable="true" refreshAvailable="true" lengthAvailable="false"><globalParameter name="AQ_QuestionText"/><globalParameter name="AQ_ExplainText"/><globalParameter name="AQ_PlaceholderText"/></fieldType><fieldType name="AQ_String" output="attribute" dataType="1" preconditionAvailable="true" readOnlyAvailable="true" requiredAvailable="true" refreshAvailable="true" lengthAvailable="true"><globalParameter name="AQ_QuestionText"/><globalParameter name="AQ_ExplainText"/><globalParameter name="AQ_PlaceholderText"/></fieldType></project><webServices/></application></Data></AquimaExportContent><Signature>MCwCFHd/4mgLvnpoGBagbiE8LygfTXEUAhQ/6BSzAfiJVS4UfEhzPEz2F7z55A==</Signature></AquimaExport>