<Signature xmlns="http://www.w3.org/2000/09/xmldsig#"><SignedInfo><CanonicalizationMethod Algorithm="http://www.w3.org/TR/2001/REC-xml-c14n-20010315" /><SignatureMethod Algorithm="http://www.w3.org/2001/04/xmldsig-more#rsa-sha256" /><Reference URI="#SignedData"><DigestMethod Algorithm="http://www.w3.org/2001/04/xmlenc#sha256" /><DigestValue>ugEeK8E9w32/DvR05i0omXYxE/0rbT+9r5ZbVrGmUfk=</DigestValue></Reference></SignedInfo><SignatureValue>Fyx7C9i/+jwz/7NSr93JzU06O98OGIpaDGVhLMK3+sqFDeyYhxC94khNG3dGg/nRC6O7t88IwGGMZxFItTQK0aNzoUuIls4PvMc5BFN44d1qWmHIqB9u1fO/u89eYn3tRw/2aXKnKJYLdq4XZbAksht7aIR0NB+EeLSr3GzNC/w=</SignatureValue><Object Id="SignedData"><Dashboard Id="foundation" EntryPage="maindashboard" xmlns=""><Pages Layout="single-column" Id="businessactivitymonitor"><Columns><Widgets><Widget Id="businessactivitymonitor-shortcut-bam-1" Type="blueriq-flow" ShortcutName="Bam"><Roles><Role>Behandelaar</Role><Role>Beheerder</Role></Roles></Widget></Widgets></Columns><Menu><Items Path="maindashboard" DisplayText="Home"><Roles /></Items><Items Path="zaakcatalogus" DisplayText="Zaakcatalogus"><Roles /></Items><Items Path="businessactivitymonitor" DisplayText="Business Activity Monitor"><Roles><Role>Behandelaar</Role><Role>Beheerder</Role></Roles></Items></Menu></Pages><Pages Layout="two-equal-columns" Id="maindashboard"><Columns><Widgets><Widget Id="maindashboard-shortcut-zakentoegewezen-1" Type="blueriq-flow" ShortcutName="ZakenToegewezen"><Roles><Role>Aanvrager</Role><Role>Behandelaar</Role></Roles></Widget><Widget Id="maindashboard-shortcut-zakenbeheerder-1" Type="blueriq-flow" ShortcutName="ZakenBeheerder"><Roles><Role>Beheerder</Role></Roles></Widget></Widgets></Columns><Columns><Widgets><Widget Id="maindashboard-shortcut-zakenniettoegewezen-1" Type="blueriq-flow" ShortcutName="ZakenNietToegewezen"><Roles><Role>Behandelaar</Role></Roles></Widget></Widgets></Columns><Menu><Items Path="maindashboard" DisplayText="Home"><Roles /></Items><Items Path="zaakcatalogus" DisplayText="Zaakcatalogus"><Roles /></Items><Items Path="businessactivitymonitor" DisplayText="Business Activity Monitor"><Roles><Role>Behandelaar</Role><Role>Beheerder</Role></Roles></Items></Menu></Pages><Pages Layout="single-column" Id="startzaak"><Events Type="start-case" Context="ZaakType_A" /><Columns><Widgets><Widget Id="startzaak-shortcut-zaakintake-1" Type="blueriq-flow" ShortcutName="ZaakIntake"><Roles><Role>Aanvrager</Role><Role>Behandelaar</Role></Roles></Widget></Widgets></Columns><Menu><Items Path="maindashboard" DisplayText="Home"><Roles /></Items><Items Path="zaakcatalogus" DisplayText="Zaakcatalogus"><Roles /></Items><Items Path="businessactivitymonitor" DisplayText="Business Activity Monitor"><Roles><Role>Behandelaar</Role><Role>Beheerder</Role></Roles></Items></Menu></Pages><Pages Layout="single-column" Id="taakuitvoeren"><Events Type="start-task" Context="ZaakType_A" /><Columns><Widgets><Widget Id="taakuitvoeren-task-1" Type="blueriq-task"><Roles><Role>Aanvrager</Role><Role>Behandelaar</Role><Role>Beheerder</Role></Roles></Widget></Widgets></Columns><Menu><Items Path="maindashboard" DisplayText="Home"><Roles /></Items><Items Path="zaakcatalogus" DisplayText="Zaakcatalogus"><Roles /></Items><Items Path="businessactivitymonitor" DisplayText="Business Activity Monitor"><Roles><Role>Behandelaar</Role><Role>Beheerder</Role></Roles></Items></Menu></Pages><Pages Layout="single-column" Id="zaakcatalogus"><Columns><Widgets><Widget Id="zaakcatalogus-shortcut-productinformatie-1" Type="blueriq-flow" ShortcutName="ProductInformatie"><Roles><Role>Aanvrager</Role><Role>Behandelaar</Role><Role>Beheerder</Role></Roles></Widget></Widgets></Columns><Menu><Items Path="maindashboard" DisplayText="Home"><Roles /></Items><Items Path="zaakcatalogus" DisplayText="Zaakcatalogus"><Roles /></Items><Items Path="businessactivitymonitor" DisplayText="Business Activity Monitor"><Roles><Role>Behandelaar</Role><Role>Beheerder</Role></Roles></Items></Menu></Pages><Pages Layout="right-sidebar" Id="zaakdashboard"><Events Type="open-case" Context="ZaakType_A" /><Columns><Widgets><Widget Id="zaakdashboard-shortcut-widgetzaakgegevens-1" Type="blueriq-flow" ShortcutName="WidgetZaakgegevens"><Roles /></Widget></Widgets></Columns><Columns><Widgets><Widget Id="zaakdashboard-shortcut-widgettakenlijst-1" Type="blueriq-flow" ShortcutName="WidgetTakenlijst"><Roles /></Widget><Widget Id="zaakdashboard-shortcut-widgetdocumenten-1" Type="blueriq-flow" ShortcutName="WidgetDocumenten"><Roles /></Widget><Widget Id="zaakdashboard-shortcut-widgetbetrokkenen-1" Type="blueriq-flow" ShortcutName="WidgetBetrokkenen"><Roles /></Widget><Widget Id="zaakdashboard-shortcut-widgetnotities-1" Type="blueriq-flow" ShortcutName="WidgetNotities"><Roles /></Widget><Widget Id="zaakdashboard-shortcut-widgetzaaktijdlijn-1" Type="blueriq-flow" ShortcutName="WidgetZaaktijdlijn"><Roles /></Widget></Widgets></Columns><Menu><Items Path="maindashboard" DisplayText="Home"><Roles /></Items><Items Path="zaakcatalogus" DisplayText="Zaakcatalogus"><Roles /></Items><Items Path="businessactivitymonitor" DisplayText="Business Activity Monitor"><Roles><Role>Behandelaar</Role><Role>Beheerder</Role></Roles></Items></Menu></Pages></Dashboard></Object></Signature>