<Signature xmlns="http://www.w3.org/2000/09/xmldsig#"><SignedInfo><CanonicalizationMethod Algorithm="http://www.w3.org/TR/2001/REC-xml-c14n-20010315" /><SignatureMethod Algorithm="http://www.w3.org/2001/04/xmldsig-more#rsa-sha256" /><Reference URI="#SignedData"><DigestMethod Algorithm="http://www.w3.org/2001/04/xmlenc#sha256" /><DigestValue>jN0S8K8iWB7r4c23R5EwTg+SlqC3esMhOIdarpA6q2A=</DigestValue></Reference></SignedInfo><SignatureValue>Lavvx51vgtMlGjiIdAYv5nHdBktr2eM7rDJQ9ZvGQDQRBt2GNUCNxJHhvndMKd7jTwQTOxh+eFUuT8z0fpcrRlhHMZJNcDc9DQC1HMOKUzhKPiWugox4rHyfrLl3koZGH0lWU60P9ZzO2pwi2JzEPIFM903dJvnQQxAfWEhphEM=</SignatureValue><Object Id="SignedData"><DashboardMetaData xmlns=""><Application Name="foundation" Version="V7_3_0" /><Generator ExportDate="2023-12-13" StudioVersion="16.7.0.1825" /><Format Version="16.7" Encrypted="false" /></DashboardMetaData></Object></Signature>