<Signature xmlns="http://www.w3.org/2000/09/xmldsig#"><SignedInfo><CanonicalizationMethod Algorithm="http://www.w3.org/TR/2001/REC-xml-c14n-20010315" /><SignatureMethod Algorithm="http://www.w3.org/2001/04/xmldsig-more#rsa-sha256" /><Reference URI="#SignedData"><DigestMethod Algorithm="http://www.w3.org/2001/04/xmlenc#sha256" /><DigestValue>s9w9H2hsMReIMqybMOYp2FeZ6TQI37gELqHpVrUoPaw=</DigestValue></Reference></SignedInfo><SignatureValue>HRjEnEdBrnvKD2ITQLQLfDXxDGe8tQ22GLPnfVMRvLRii/S47B3AOhDQEmfZ79XMoXd5bF7/0BAAmKxnqF0XhY2wIazZbMua1kx73xP6mU1rgz8zGuj9Ces+FQW2DyKexlJAX6UaHlb+5T4hs2otXNawzhviqbdkE76ltsEvExE=</SignatureValue><Object Id="SignedData"><DashboardMetaData xmlns=""><Application Name="dcm_dashboard" Version="Trunk" /><Generator ExportDate="2023-12-13" StudioVersion="16.7.0.1824" /><Format Version="16.7" Encrypted="false" /></DashboardMetaData></Object></Signature>