<Signature xmlns="http://www.w3.org/2000/09/xmldsig#"><SignedInfo><CanonicalizationMethod Algorithm="http://www.w3.org/TR/2001/REC-xml-c14n-20010315" /><SignatureMethod Algorithm="http://www.w3.org/2001/04/xmldsig-more#rsa-sha256" /><Reference URI="#SignedData"><DigestMethod Algorithm="http://www.w3.org/2001/04/xmlenc#sha256" /><DigestValue>CWAvfiCqmnLfUaTyeIusDpIx3gb6Edtsnje4E0n0L2g=</DigestValue></Reference></SignedInfo><SignatureValue>dG8OSo2TakqZq7YDZtwMQbDCa1/bQFjFb/SvTy+MpNjJMrHYpyNdFqfocnSrmcKrM85PjlDCSkoxahIQ/+S2Wis0XPNWRjps3hv8Y3ZosJyailzErkH3YadJ6/W0s7ZubbiIJZq9z5sk/SwfrdW+bs3PM3qqGujO5MglrM3/9FQ=</SignatureValue><Object Id="SignedData"><DashboardMetaData xmlns=""><Application Name="regressiontest" Version="DCM_Dashboarding_Rebuild" /><Generator ExportDate="2024-03-11" StudioVersion="16.8.0.1942" /><Format Version="16.7" Encrypted="false" /></DashboardMetaData></Object></Signature>