<Signature xmlns="http://www.w3.org/2000/09/xmldsig#"><SignedInfo><CanonicalizationMethod Algorithm="http://www.w3.org/TR/2001/REC-xml-c14n-20010315" /><SignatureMethod Algorithm="http://www.w3.org/2001/04/xmldsig-more#rsa-sha256" /><Reference URI="#SignedData"><DigestMethod Algorithm="http://www.w3.org/2001/04/xmlenc#sha256" /><DigestValue>GQKORvFylxASrMYdyudTqaeF6lkP/Wj0M9XOJgN1aRI=</DigestValue></Reference></SignedInfo><SignatureValue>FDDnNTrpznQeil5/ka9QD4a58tdjTJk87MRQ/i8belBk9DGNq5wuZZW2XdghitW1IzZWuns/jD+jEUVzDRgcvvbGQSHz8VhK8p/6dyfOqgDuUHTmm3rgdgYQY26T+/WNCgJTW4HTMuTHqMOe7GbN/MSWaI9Q33VsZNvkO+0EMKg=</SignatureValue><Object Id="SignedData"><Dashboard Id="regressiontest" EntryPage="maindashboard" xmlns=""><Pages Layout="single-column" Id="bam"><Columns><Widgets><Widget Id="bam-shortcut-regressionwidgetbam-1" Type="blueriq-flow" ShortcutName="RegressionWidgetBam"><Roles /></Widget></Widgets></Columns><Menu><Items Path="maindashboard" DisplayText="Home"><Roles /></Items><Items Path="zaakcatalogus" DisplayText="Zaakcatalogus"><Roles /></Items><Items Path="bam" DisplayText="BAM"><Roles><Role>Behandelaar</Role><Role>Beheerder</Role></Roles></Items><Items Path="dcmliststest" DisplayText="DCM Lists Test"><Roles /></Items><Items Path="casesearchtest" DisplayText="CaseSearch Test"><Roles /></Items><Items Path="readcasetest" DisplayText="ReadCase Test"><Roles /></Items></Menu></Pages><Pages Layout="single-column" Id="casesearchtest"><Columns><Widgets><Widget Id="casesearchtest-shortcut-regressionwidgetcasesearchtest-1" Type="blueriq-flow" ShortcutName="RegressionWidgetCaseSearchTest"><Roles /></Widget></Widgets></Columns><Menu><Items Path="maindashboard" DisplayText="Home"><Roles /></Items><Items Path="zaakcatalogus" DisplayText="Zaakcatalogus"><Roles /></Items><Items Path="bam" DisplayText="BAM"><Roles><Role>Behandelaar</Role><Role>Beheerder</Role></Roles></Items><Items Path="dcmliststest" DisplayText="DCM Lists Test"><Roles /></Items><Items Path="casesearchtest" DisplayText="CaseSearch Test"><Roles /></Items><Items Path="readcasetest" DisplayText="ReadCase Test"><Roles /></Items></Menu></Pages><Pages Layout="single-column" Id="dcmliststest"><Columns><Widgets><Widget Id="dcmliststest-shortcut-regressionwidgetdcmliststest-1" Type="blueriq-flow" ShortcutName="RegressionWidgetDcmListsTest"><Roles /></Widget></Widgets></Columns><Menu><Items Path="maindashboard" DisplayText="Home"><Roles /></Items><Items Path="zaakcatalogus" DisplayText="Zaakcatalogus"><Roles /></Items><Items Path="bam" DisplayText="BAM"><Roles><Role>Behandelaar</Role><Role>Beheerder</Role></Roles></Items><Items Path="dcmliststest" DisplayText="DCM Lists Test"><Roles /></Items><Items Path="casesearchtest" DisplayText="CaseSearch Test"><Roles /></Items><Items Path="readcasetest" DisplayText="ReadCase Test"><Roles /></Items></Menu></Pages><Pages Layout="two-equal-columns" Id="maindashboard"><Columns><Widgets><Widget Id="maindashboard-shortcut-regressionwidgetzakenniettoegewezen-1" Type="blueriq-flow" ShortcutName="RegressionWidgetZakenNietToegewezen"><Roles><Role>Behandelaar</Role></Roles></Widget><Widget Id="maindashboard-shortcut-regressionwidgetzakenbeheerder-1" Type="blueriq-flow" ShortcutName="RegressionWidgetZakenBeheerder"><Roles><Role>beheerder</Role></Roles></Widget><Widget Id="maindashboard-shortcut-regressionwidgetzakentoegewezen-1" Type="blueriq-flow" ShortcutName="RegressionWidgetZakenToegewezen"><Roles><Role>Aanvrager</Role></Roles></Widget></Widgets></Columns><Columns><Widgets><Widget Id="maindashboard-shortcut-regressionwidgetzakentoegewezen-2" Type="blueriq-flow" ShortcutName="RegressionWidgetZakenToegewezen"><Roles><Role>Behandelaar</Role></Roles></Widget><Widget Id="maindashboard-shortcut-regressionwidgetnieuweaanvraag-1" Type="blueriq-flow" ShortcutName="RegressionWidgetNieuweAanvraag"><Roles><Role>aanvrager</Role></Roles></Widget></Widgets></Columns><Menu><Items Path="maindashboard" DisplayText="Home"><Roles /></Items><Items Path="zaakcatalogus" DisplayText="Zaakcatalogus"><Roles /></Items><Items Path="bam" DisplayText="BAM"><Roles><Role>Behandelaar</Role><Role>Beheerder</Role></Roles></Items><Items Path="dcmliststest" DisplayText="DCM Lists Test"><Roles /></Items><Items Path="casesearchtest" DisplayText="CaseSearch Test"><Roles /></Items><Items Path="readcasetest" DisplayText="ReadCase Test"><Roles /></Items></Menu></Pages><Pages Layout="single-column" Id="readcasetest"><Columns><Widgets><Widget Id="readcasetest-shortcut-regressionwidgetreadcasetest-1" Type="blueriq-flow" ShortcutName="RegressionWidgetReadCaseTest"><Roles /></Widget></Widgets></Columns><Menu><Items Path="maindashboard" DisplayText="Home"><Roles /></Items><Items Path="zaakcatalogus" DisplayText="Zaakcatalogus"><Roles /></Items><Items Path="bam" DisplayText="BAM"><Roles><Role>Behandelaar</Role><Role>Beheerder</Role></Roles></Items><Items Path="dcmliststest" DisplayText="DCM Lists Test"><Roles /></Items><Items Path="casesearchtest" DisplayText="CaseSearch Test"><Roles /></Items><Items Path="readcasetest" DisplayText="ReadCase Test"><Roles /></Items></Menu></Pages><Pages Layout="single-column" Id="zaakcatalogus"><Columns><Widgets><Widget Id="zaakcatalogus-shortcut-regressionwidgetproductinformatie-1" Type="blueriq-flow" ShortcutName="RegressionWidgetProductInformatie"><Roles /></Widget></Widgets></Columns><Menu><Items Path="maindashboard" DisplayText="Home"><Roles /></Items><Items Path="zaakcatalogus" DisplayText="Zaakcatalogus"><Roles /></Items><Items Path="bam" DisplayText="BAM"><Roles><Role>Behandelaar</Role><Role>Beheerder</Role></Roles></Items><Items Path="dcmliststest" DisplayText="DCM Lists Test"><Roles /></Items><Items Path="casesearchtest" DisplayText="CaseSearch Test"><Roles /></Items><Items Path="readcasetest" DisplayText="ReadCase Test"><Roles /></Items></Menu></Pages><Pages Layout="right-sidebar" Id="zaaktype_regression_dashboard"><Events Type="open-case" Context="ZaakType_Regression" /><Columns><Widgets><Widget Id="zaaktype_regression_dashboard-shortcut-regressionwidgetzaaktestfunctionaliteit-1" Type="blueriq-flow" ShortcutName="RegressionWidgetZaakTestfunctionaliteit"><Roles /></Widget><Widget Id="zaaktype_regression_dashboard-shortcut-regressionwidgetzaakgegevens-1" Type="blueriq-flow" ShortcutName="RegressionWidgetZaakGegevens"><Roles /></Widget></Widgets></Columns><Columns><Widgets><Widget Id="zaaktype_regression_dashboard-shortcut-regressionwidgettakenlijst-1" Type="blueriq-flow" ShortcutName="RegressionWidgetTakenlijst"><Roles /></Widget><Widget Id="zaaktype_regression_dashboard-shortcut-regressionwidgetdocumenten-1" Type="blueriq-flow" ShortcutName="RegressionWidgetDocumenten"><Roles /></Widget><Widget Id="zaaktype_regression_dashboard-shortcut-regressionwidgetbetrokkenen-1" Type="blueriq-flow" ShortcutName="RegressionWidgetBetrokkenen"><Roles /></Widget><Widget Id="zaaktype_regression_dashboard-shortcut-regressionwidgetnotities-1" Type="blueriq-flow" ShortcutName="RegressionWidgetNotities"><Roles /></Widget><Widget Id="zaaktype_regression_dashboard-shortcut-regressionwidgetzaaktijdlijn-1" Type="blueriq-flow" ShortcutName="RegressionWidgetZaakTijdlijn"><Roles /></Widget></Widgets></Columns><Menu><Items Path="maindashboard" DisplayText="Home"><Roles /></Items><Items Path="zaakcatalogus" DisplayText="Zaakcatalogus"><Roles /></Items><Items Path="bam" DisplayText="BAM"><Roles><Role>Behandelaar</Role><Role>Beheerder</Role></Roles></Items><Items Path="dcmliststest" DisplayText="DCM Lists Test"><Roles /></Items><Items Path="casesearchtest" DisplayText="CaseSearch Test"><Roles /></Items><Items Path="readcasetest" DisplayText="ReadCase Test"><Roles /></Items></Menu></Pages><Pages Layout="single-column" Id="zaaktype_regression_intake"><Events Type="start-case" Context="ZaakType_Regression" /><Columns><Widgets><Widget Id="zaaktype_regression_intake-shortcut-zaaktype_regression_intake-1" Type="blueriq-flow" ShortcutName="ZaakType_Regression_Intake"><Roles /></Widget></Widgets></Columns><Menu><Items Path="maindashboard" DisplayText="Home"><Roles /></Items><Items Path="zaakcatalogus" DisplayText="Zaakcatalogus"><Roles /></Items><Items Path="bam" DisplayText="BAM"><Roles><Role>Behandelaar</Role><Role>Beheerder</Role></Roles></Items><Items Path="dcmliststest" DisplayText="DCM Lists Test"><Roles /></Items><Items Path="casesearchtest" DisplayText="CaseSearch Test"><Roles /></Items><Items Path="readcasetest" DisplayText="ReadCase Test"><Roles /></Items></Menu></Pages><Pages Layout="right-sidebar" Id="zaaktype_regression_taskexecution"><Events Type="start-task" Context="ZaakType_Regression" /><Columns><Widgets><Widget Id="zaaktype_regression_taskexecution-task-1" Type="blueriq-task"><Roles /></Widget></Widgets></Columns><Columns><Widgets><Widget Id="zaaktype_regression_taskexecution-shortcut-regressionwidgetdocumenten-1" Type="blueriq-flow" ShortcutName="RegressionWidgetDocumenten"><Roles /></Widget><Widget Id="zaaktype_regression_taskexecution-shortcut-regressionwidgetbetrokkenen-1" Type="blueriq-flow" ShortcutName="RegressionWidgetBetrokkenen"><Roles /></Widget><Widget Id="zaaktype_regression_taskexecution-shortcut-regressionwidgetnotities-1" Type="blueriq-flow" ShortcutName="RegressionWidgetNotities"><Roles /></Widget><Widget Id="zaaktype_regression_taskexecution-shortcut-regressionwidgetzaaktijdlijn-1" Type="blueriq-flow" ShortcutName="RegressionWidgetZaakTijdlijn"><Roles /></Widget></Widgets></Columns><Menu><Items Path="maindashboard" DisplayText="Home"><Roles /></Items><Items Path="zaakcatalogus" DisplayText="Zaakcatalogus"><Roles /></Items><Items Path="bam" DisplayText="BAM"><Roles><Role>Behandelaar</Role><Role>Beheerder</Role></Roles></Items><Items Path="dcmliststest" DisplayText="DCM Lists Test"><Roles /></Items><Items Path="casesearchtest" DisplayText="CaseSearch Test"><Roles /></Items><Items Path="readcasetest" DisplayText="ReadCase Test"><Roles /></Items></Menu></Pages></Dashboard></Object></Signature>