<?xml version="1.0" encoding="UTF-8"?><AquimaExport><AquimaExportContent><MetaData><Application Name="CheckboxFlowOnRefresh" Version="0.0-Trunk" Label="Trunk"/><Generator ExportDate="2020-08-03" StudioVersion="13.2.0.1511" AquimaVersion="13.2.0.1511 OEM"/><Format Version="12.0" Encrypted="false"/><ExportType>Application</ExportType></MetaData><Data><application cachingEnabled="true" moduleId="Fibonacci:1.0" outputFailedMasks="false" wrapFailedElements="false" applicationId="CheckboxFlowOnRefresh:0.0-Trunk" versionLabel="Trunk" applicationMode="Production"><metaModel name="Fibonacci" version="1.0"><domain datatype="1" name="conditional" external="false" allowEmpty="false"><value value="1"><text language="nl-NL"><![CDATA[1]]></text></value><value value="2"><text language="nl-NL"><![CDATA[2]]></text></value><value value="3"><text language="nl-NL"><![CDATA[3]]></text></value></domain><domain datatype="0" name="EmptyList" external="false" allowEmpty="false"><value value="false"><text language="nl-NL"><![CDATA[?]]></text></value><value value="true"><text language="nl-NL"><![CDATA[[]]]></text></value></domain><entity id="HF" name="HF" abstract="false" singleton="false"><attribute id="HF.Volgnummer" name="Volgnummer" datatype="8" askable="true" multivalue="false" reverseAttr="false"/><attribute id="HO.NaarHO[HO.NaarHF]" name="NaarHO" datatype="5" askable="true" multivalue="false" reverseAttr="true"><relation type="associative" referrerIsOwner="false" attributeName="NaarHF" entityName="HO"/></attribute></entity><entity id="Weather" name="Weather" abstract="false" singleton="true"><attribute id="Weather.Type" name="Type" datatype="1" askable="true" multivalue="false" reverseAttr="false"/><attribute id="Weather.Description" name="Description" datatype="1" askable="true" multivalue="false" reverseAttr="false"/></entity><entity id="Person" name="Person" abstract="false" singleton="false"><attribute id="Person.Name" name="Name" datatype="1" askable="true" multivalue="false" reverseAttr="false"/><attribute id="Person.Sports" name="Sports" datatype="1" askable="true" multivalue="true" reverseAttr="false"/><attribute id="Person.Job" name="Job" datatype="5" askable="true" multivalue="false" reverseAttr="false"><relation type="associative" referrerIsOwner="false" attributeName="Person" entityName="Job"/></attribute></entity><entity id="Multiton" name="Multiton" abstract="false" singleton="false"><attribute id="Multiton.Attribute" name="Attribute" datatype="1" askable="true" multivalue="false" reverseAttr="false"/></entity><entity id="EntityA" name="EntityA" abstract="false" singleton="false"><attribute id="EntityA.Order" name="Order" datatype="8" askable="true" multivalue="false" reverseAttr="false"/></entity><entity id="Raam" name="Raam" abstract="false" singleton="false"><attribute id="Raam.Type" name="Type" datatype="1" askable="true" multivalue="false" reverseAttr="false"/><attribute id="Raam.oppervlakte" name="oppervlakte" datatype="1" askable="true" multivalue="false" reverseAttr="false"/><attribute id="Kamer.VanKamer[Kamer.HeeftRamen]" name="VanKamer" datatype="5" askable="true" multivalue="false" reverseAttr="true"><relation type="associative" referrerIsOwner="false" attributeName="HeeftRamen" entityName="Kamer"/></attribute></entity><entity id="Job" name="Job" abstract="false" singleton="true"><attribute id="Job.Title" name="Title" datatype="1" askable="true" multivalue="false" reverseAttr="false"/><attribute id="Person.Person[Person.Job]" name="Person" datatype="5" askable="true" multivalue="true" reverseAttr="true"><relation type="associative" referrerIsOwner="false" attributeName="Job" entityName="Person"/></attribute></entity><entity id="Multivalued" name="Multivalued" abstract="false" singleton="true"><attribute id="Multivalued.Input" name="Input" datatype="8" askable="true" multivalue="true" reverseAttr="false"/><attribute id="Multivalued.Output" name="Output" datatype="1" askable="true" multivalue="true" reverseAttr="false"/></entity><entity id="beslisboom" name="beslisboom" abstract="false" singleton="true"><attribute id="beslisboom.Input1" name="Input1" datatype="0" askable="true" multivalue="false" reverseAttr="false"/><attribute id="beslisboom.Input2" name="Input2" datatype="0" askable="true" multivalue="false" reverseAttr="false"/><attribute id="beslisboom.Input3" name="Input3" datatype="0" askable="true" multivalue="false" reverseAttr="false"/><attribute id="beslisboom.Output" name="Output" datatype="1" askable="false" multivalue="false" reverseAttr="false"/><attribute id="beslisboom.Input5" name="Input5" datatype="0" askable="false" multivalue="false" reverseAttr="false"/><attribute id="beslisboom.Input4" name="Input4" datatype="0" askable="true" multivalue="false" reverseAttr="false"/></entity><entity id="Active" name="Active" abstract="false" singleton="false"><attribute id="Active.Name" name="Name" datatype="1" askable="true" multivalue="false" reverseAttr="false"/><attribute id="Active.TriggerRefresh" name="TriggerRefresh" datatype="0" askable="true" multivalue="false" reverseAttr="false"/><attribute id="Active.Number" name="Number" datatype="8" askable="true" multivalue="false" reverseAttr="false"/></entity><entity id="Control" name="Control" abstract="false" singleton="true"><attribute id="Control.ConstantDisplay" name="ConstantDisplay" datatype="0" askable="true" multivalue="false" domain="EmptyList" reverseAttr="false"/><attribute id="Control.Counter" name="Counter" datatype="8" askable="true" multivalue="false" reverseAttr="false"/><attribute id="Control.On" name="On" datatype="0" askable="true" multivalue="false" reverseAttr="false"/><attribute id="Control.NoDefaultDisplay" name="NoDefaultDisplay" datatype="0" askable="true" multivalue="false" domain="EmptyList" reverseAttr="false"/><attribute id="Control.DefaultConstant" name="DefaultConstant" datatype="1" askable="true" multivalue="true" reverseAttr="false"/><attribute id="Control.NoDefault" name="NoDefault" datatype="1" askable="true" multivalue="true" reverseAttr="false"/><attribute id="Control.Brightness" name="Brightness" datatype="8" askable="true" multivalue="false" reverseAttr="false"/><attribute id="Control.Hue" name="Hue" datatype="8" askable="true" multivalue="false" reverseAttr="false"/><attribute id="Control.Light" name="Light" datatype="8" askable="true" multivalue="false" reverseAttr="false"/><attribute id="Control.Volgnummers" name="Volgnummers" datatype="8" askable="true" multivalue="true" reverseAttr="false"/></entity><entity id="Kamer" name="Kamer" abstract="false" singleton="true"><attribute id="Kamer.IsVerwarmd" name="IsVerwarmd" datatype="0" askable="true" multivalue="false" reverseAttr="false"/><attribute id="Kamer.Oppervlakte" name="Oppervlakte" datatype="1" askable="true" multivalue="false" domain="conditional" reverseAttr="false"/><attribute id="Kamer.HeeftBuitendeur" name="HeeftBuitendeur" datatype="0" askable="true" multivalue="false" reverseAttr="false"/><attribute id="Kamer.TypeVloerbedekking" name="TypeVloerbedekking" datatype="1" askable="true" multivalue="false" reverseAttr="false"/><attribute id="Kamer.HeeftRamen" name="HeeftRamen" datatype="5" askable="true" multivalue="true" reverseAttr="false"><relation type="associative" referrerIsOwner="false" attributeName="VanKamer" entityName="Raam"/></attribute><attribute id="Kamer.HeeftBuitenmuur" name="HeeftBuitenmuur" datatype="5" askable="true" multivalue="true" reverseAttr="false"><relation type="associative" referrerIsOwner="false" attributeName="VanKamer" entityName="Buitenmuur"/></attribute><attribute id="Verdieping.OpVerdieping[Verdieping.HeeftKamers]" name="OpVerdieping" datatype="5" askable="true" multivalue="false" reverseAttr="true"><relation type="associative" referrerIsOwner="false" attributeName="HeeftKamers" entityName="Verdieping"/></attribute></entity><entity id="Verdieping" name="Verdieping" abstract="false" singleton="true"><attribute id="Verdieping.Nummer" name="Nummer" datatype="8" askable="true" multivalue="false" reverseAttr="false"/><attribute id="Verdieping.HeeftKamers" name="HeeftKamers" datatype="5" askable="true" multivalue="true" reverseAttr="false"><relation type="associative" referrerIsOwner="false" attributeName="OpVerdieping" entityName="Kamer"/></attribute><attribute id="Woning.VanWoning[Woning.HeeftVerdiepingen]" name="VanWoning" datatype="5" askable="true" multivalue="false" reverseAttr="true"><relation type="associative" referrerIsOwner="false" attributeName="HeeftVerdiepingen" entityName="Woning"/></attribute></entity><entity id="Input" name="Input" abstract="false" singleton="true"><attribute id="Input.BSN" name="BSN" datatype="1" askable="true" multivalue="false" reverseAttr="false"/><attribute id="Input.BSNVALID" name="BSNVALID" datatype="0" askable="true" multivalue="false" reverseAttr="false"/><attribute id="Input.Input" name="Input" datatype="8" askable="true" multivalue="false" reverseAttr="false"/><attribute id="Input.HoeveelsteGetal" name="HoeveelsteGetal" datatype="8" askable="true" multivalue="false" reverseAttr="false"/><attribute id="Input.Integer" name="Integer" datatype="8" askable="true" multivalue="false" reverseAttr="false"/></entity><entity id="Dak" name="Dak" abstract="false" singleton="true"><attribute id="Dak.Type" name="Type" datatype="1" askable="true" multivalue="false" reverseAttr="false"/><attribute id="Dak.Oppervlakte" name="Oppervlakte" datatype="2" askable="true" multivalue="false" reverseAttr="false"/><attribute id="Woning.VanWoning[Woning.HeeftDak]" name="VanWoning" datatype="5" askable="true" multivalue="false" reverseAttr="true"><relation type="associative" referrerIsOwner="false" attributeName="HeeftDak" entityName="Woning"/></attribute></entity><entity id="Output" name="Output" abstract="false" singleton="true"><attribute id="Output.Resultaat" name="Resultaat" datatype="8" askable="true" multivalue="false" reverseAttr="false"/><attribute id="Output.Boolean" name="Boolean" datatype="0" askable="true" multivalue="false" reverseAttr="false"/><attribute id="Output.Integer" name="Integer" datatype="8" askable="true" multivalue="false" reverseAttr="false"/></entity><entity id="Voertuig" name="Voertuig" abstract="false" singleton="true"><attribute id="Voertuig.Merk" name="Merk" datatype="1" askable="true" multivalue="false" reverseAttr="false"/><attribute id="Voertuig.Kilometerstand" name="Kilometerstand" datatype="2" askable="true" multivalue="false" reverseAttr="false"/><attribute id="Voertuig.Kleur" name="Kleur" datatype="1" askable="true" multivalue="false" reverseAttr="false"/><attribute id="Voertuig.AantalDeuren" name="AantalDeuren" datatype="8" askable="true" multivalue="false" reverseAttr="false"/><attribute id="Persoon.VanPersoon[Persoon.HeeftVoertuig]" name="VanPersoon" datatype="5" askable="true" multivalue="false" reverseAttr="true"><relation type="associative" referrerIsOwner="false" attributeName="HeeftVoertuig" entityName="Persoon"/></attribute></entity><entity id="Hobby" name="Hobby" abstract="false" singleton="true"><attribute id="Hobby.AantalUurPerWeek" name="AantalUurPerWeek" datatype="2" askable="true" multivalue="false" reverseAttr="false"/><attribute id="Hobby.Naam" name="Naam" datatype="1" askable="true" multivalue="false" reverseAttr="false"/><attribute id="Persoon.VanPersoon[Persoon.HeeftHobby]" name="VanPersoon" datatype="5" askable="true" multivalue="false" reverseAttr="true"><relation type="associative" referrerIsOwner="false" attributeName="HeeftHobby" entityName="Persoon"/></attribute></entity><entity id="Werk" name="Werk" abstract="false" singleton="true"><attribute id="Werk.Jaarinkomen" name="Jaarinkomen" datatype="6" askable="true" multivalue="false" reverseAttr="false"/><attribute id="Werk.Functie" name="Functie" datatype="1" askable="true" multivalue="false" reverseAttr="false"/><attribute id="Werk.AantalUurPerWeek" name="AantalUurPerWeek" datatype="2" askable="true" multivalue="false" reverseAttr="false"/><attribute id="Werk.HeeftAdres" name="HeeftAdres" datatype="5" askable="true" multivalue="false" reverseAttr="false"><relation type="associative" referrerIsOwner="false" attributeName="VanWerk" entityName="Adres"/></attribute><attribute id="Persoon.VanPersoon[Persoon.HeeftWerk]" name="VanPersoon" datatype="5" askable="true" multivalue="false" reverseAttr="true"><relation type="associative" referrerIsOwner="false" attributeName="HeeftWerk" entityName="Persoon"/></attribute></entity><entity id="Werkgever" name="Werkgever" abstract="false" singleton="true"><attribute id="Werkgever.Naam" name="Naam" datatype="1" askable="true" multivalue="false" reverseAttr="false"/><attribute id="Werkgever.Plaats" name="Plaats" datatype="1" askable="true" multivalue="false" reverseAttr="false"/></entity><entity id="Adres" name="Adres" abstract="false" singleton="false"><attribute id="Adres.Straatnaam" name="Straatnaam" datatype="1" askable="true" multivalue="false" reverseAttr="false"/><attribute id="Adres.Huisnummer" name="Huisnummer" datatype="8" askable="true" multivalue="false" reverseAttr="false"/><attribute id="Adres.Plaats" name="Plaats" datatype="1" askable="true" multivalue="false" reverseAttr="false"/><attribute id="Adres.Postcode" name="Postcode" datatype="1" askable="true" multivalue="false" reverseAttr="false"/><attribute id="Persoon.Persoon[Persoon.HeeftAdres]" name="Persoon" datatype="5" askable="true" multivalue="false" reverseAttr="true"><relation type="associative" referrerIsOwner="false" attributeName="HeeftAdres" entityName="Persoon"/></attribute><attribute id="Werk.VanWerk[Werk.HeeftAdres]" name="VanWerk" datatype="5" askable="true" multivalue="false" reverseAttr="true"><relation type="associative" referrerIsOwner="false" attributeName="HeeftAdres" entityName="Werk"/></attribute></entity><entity id="Woning" name="Woning" abstract="false" singleton="true"><attribute id="Woning.Energielabel" name="Energielabel" datatype="1" askable="true" multivalue="false" reverseAttr="false"/><attribute id="Woning.TypeCV" name="TypeCV" datatype="1" askable="true" multivalue="false" reverseAttr="false"/><attribute id="Woning.TypeVentilatie" name="TypeVentilatie" datatype="1" askable="true" multivalue="false" reverseAttr="false"/><attribute id="Woning.Bouwjaar" name="Bouwjaar" datatype="8" askable="true" multivalue="false" reverseAttr="false"/><attribute id="Woning.HeeftVerdiepingen" name="HeeftVerdiepingen" datatype="5" askable="true" multivalue="false" reverseAttr="false"><relation type="associative" referrerIsOwner="false" attributeName="VanWoning" entityName="Verdieping"/></attribute><attribute id="Woning.HeeftDak" name="HeeftDak" datatype="5" askable="true" multivalue="false" reverseAttr="false"><relation type="associative" referrerIsOwner="false" attributeName="VanWoning" entityName="Dak"/></attribute></entity><entity id="Persoon" name="Persoon" abstract="false" singleton="false"><attribute id="Persoon.Naam" name="Naam" datatype="1" askable="true" multivalue="false" reverseAttr="false"/><attribute id="Persoon.Leeftijd" name="Leeftijd" datatype="8" askable="true" multivalue="false" reverseAttr="false"/><attribute id="Persoon.Geboortedatum" name="Geboortedatum" datatype="4" askable="true" multivalue="false" reverseAttr="false"/><attribute id="Persoon.Geslacht" name="Geslacht" datatype="1" askable="true" multivalue="false" reverseAttr="false"/><attribute id="Persoon.TriggerRefresh" name="TriggerRefresh" datatype="0" askable="true" multivalue="false" reverseAttr="false"/><attribute id="Persoon.Nummer" name="Nummer" datatype="8" askable="true" multivalue="false" reverseAttr="false"/><attribute id="Persoon.HeeftAdres" name="HeeftAdres" datatype="5" askable="true" multivalue="false" reverseAttr="false"><relation type="associative" referrerIsOwner="false" attributeName="Persoon" entityName="Adres"/></attribute><attribute id="Persoon.HeeftHobby" name="HeeftHobby" datatype="5" askable="true" multivalue="false" reverseAttr="false"><relation type="associative" referrerIsOwner="false" attributeName="VanPersoon" entityName="Hobby"/></attribute><attribute id="Persoon.HeeftVoertuig" name="HeeftVoertuig" datatype="5" askable="true" multivalue="false" reverseAttr="false"><relation type="associative" referrerIsOwner="false" attributeName="VanPersoon" entityName="Voertuig"/></attribute><attribute id="Persoon.HeeftWerk" name="HeeftWerk" datatype="5" askable="true" multivalue="false" reverseAttr="false"><relation type="associative" referrerIsOwner="false" attributeName="VanPersoon" entityName="Werk"/></attribute></entity><entity id="HO" name="HO" abstract="false" singleton="false"><attribute id="HO.Volgnummer" name="Volgnummer" datatype="8" askable="true" multivalue="false" reverseAttr="false"/><attribute id="HO.NaarHF" name="NaarHF" datatype="5" askable="true" multivalue="true" reverseAttr="false"><relation type="associative" referrerIsOwner="false" attributeName="NaarHO" entityName="HF"/></attribute></entity><entity id="Buitenmuur" name="Buitenmuur" abstract="false" singleton="false"><attribute id="Buitenmuur.Oppervlakte" name="Oppervlakte" datatype="2" askable="true" multivalue="false" reverseAttr="false"/><attribute id="Buitenmuur.TypeIsolatie" name="TypeIsolatie" datatype="1" askable="true" multivalue="false" reverseAttr="false"/><attribute id="Kamer.VanKamer[Kamer.HeeftBuitenmuur]" name="VanKamer" datatype="5" askable="true" multivalue="false" reverseAttr="true"><relation type="associative" referrerIsOwner="false" attributeName="HeeftBuitenmuur" entityName="Kamer"/></attribute></entity></metaModel><composer><contentStyle name="highlighted" isDefault="false" isRestricted="false"/><contentStyle name="menubar" isDefault="false" isRestricted="false"/><contentStyle name="breadcrumbcontainer" isDefault="false" isRestricted="false"/><contentStyle name="instance_iterator" isDefault="false" isRestricted="false"/><contentStyle name="instance_linker" isDefault="false" isRestricted="false"/><contentStyle name="instance_selector" isDefault="false" isRestricted="false"/><contentStyle name="justification" isDefault="false" isRestricted="false"/><contentStyle name="tabs" isDefault="false" isRestricted="false"/><contentStyle name="formfooter" isDefault="false" isRestricted="false"/><contentStyle name="visualization" isDefault="false" isRestricted="false"/><contentStyle name="dashboard_row" isDefault="false" isRestricted="false"/><contentStyle name="dashboard_column1" isDefault="false" isRestricted="false"/><contentStyle name="dashboard_column2" isDefault="false" isRestricted="false"/><contentStyle name="dashboard_column3" isDefault="false" isRestricted="false"/><contentStyle name="dashboard_column4" isDefault="false" isRestricted="false"/><contentStyle name="dashboard_column5" isDefault="false" isRestricted="false"/><contentStyle name="dashboard_column6" isDefault="false" isRestricted="false"/><contentStyle name="dashboard_column7" isDefault="false" isRestricted="false"/><contentStyle name="dashboard_column8" isDefault="false" isRestricted="false"/><contentStyle name="dashboard_column9" isDefault="false" isRestricted="false"/><contentStyle name="dashboard_column10" isDefault="false" isRestricted="false"/><contentStyle name="dashboard_column11" isDefault="false" isRestricted="false"/><contentStyle name="timeline" isDefault="false" isRestricted="false"/><contentStyle name="dashboard_column12" isDefault="false" isRestricted="false"/><contentStyle name="dashboard_header" isDefault="false" isRestricted="false"/><contentStyle name="dashboard_menu" isDefault="false" isRestricted="false"/><contentStyle name="dashboard_footer" isDefault="false" isRestricted="false"/><contentStyle name="dashboard_body" isDefault="false" isRestricted="false"/><contentStyle name="dashboard_widget" isDefault="false" isRestricted="false"/><contentStyle name="Responsive" isDefault="false" isRestricted="false"/><contentStyle name="Large" isDefault="false" isRestricted="false"/><contentStyle name="Medium" isDefault="false" isRestricted="false"/><contentStyle name="Full" isDefault="false" isRestricted="false"/><contentStyle name="Small" isDefault="false" isRestricted="false"/><field name="Control.ConstantDisplay" attributeName="Control.ConstantDisplay" dataTypeId="0" isMultivalue="false"><questionText><text language="nl-NL"><![CDATA[Constant]]></text></questionText></field><field name="Persoon.Naam" attributeName="Persoon.Naam" dataTypeId="1" isMultivalue="false"><questionText><text language="nl-NL"><![CDATA[Naam]]></text></questionText></field><field name="Persoon.Leeftijd" attributeName="Persoon.Leeftijd" dataTypeId="8" isMultivalue="false"><questionText><text language="nl-NL"><![CDATA[Leeftijd]]></text></questionText></field><field name="Persoon.Geboortedatum" attributeName="Persoon.Geboortedatum" dataTypeId="4" isMultivalue="false"><questionText><text language="nl-NL"><![CDATA[Geboortedatum]]></text></questionText></field><field name="Persoon.Geslacht" attributeName="Persoon.Geslacht" dataTypeId="1" isMultivalue="false"><questionText><text language="nl-NL"><![CDATA[Geslacht]]></text></questionText></field><field name="Voertuig.Merk" attributeName="Voertuig.Merk" dataTypeId="1" isMultivalue="false"/><field name="Voertuig.Kilometerstand" attributeName="Voertuig.Kilometerstand" dataTypeId="2" isMultivalue="false"/><field name="Voertuig.Kleur" attributeName="Voertuig.Kleur" dataTypeId="1" isMultivalue="false"/><field name="Voertuig.AantalDeuren" attributeName="Voertuig.AantalDeuren" dataTypeId="8" isMultivalue="false"/><field name="Kamer.IsVerwarmd" attributeName="Kamer.IsVerwarmd" dataTypeId="0" isMultivalue="false"/><field name="Active.Name" attributeName="Active.Name" dataTypeId="1" isMultivalue="false"/><field name="Kamer.Oppervlakte" attributeName="Kamer.Oppervlakte" dataTypeId="1" isMultivalue="false"><questionText><text language="nl-NL"><![CDATA[StringValuelist]]></text></questionText></field><field name="Dak.Type" attributeName="Dak.Type" dataTypeId="1" isMultivalue="false"/><field name="Input.BSN" attributeName="Input.BSN" dataTypeId="1" isMultivalue="false"><questionText><text language="nl-NL"><![CDATA[BSN]]></text></questionText></field><field name="Input.BSNVALID" attributeName="Input.BSNVALID" dataTypeId="0" isMultivalue="false"><questionText><text language="nl-NL"><![CDATA[BSN valid]]></text></questionText></field><field name="EntityA.Order" attributeName="EntityA.Order" dataTypeId="8" isMultivalue="false"/><field name="Control.Counter" attributeName="Control.Counter" dataTypeId="8" isMultivalue="false"/><field name="Job.Title" attributeName="Job.Title" dataTypeId="1" isMultivalue="false"/><field name="Person.Name" attributeName="Person.Name" dataTypeId="1" isMultivalue="false"/><field name="Control.On" attributeName="Control.On" dataTypeId="0" isMultivalue="false"><questionText><text language="nl-NL"><![CDATA[On]]></text></questionText></field><field name="Multivalued.Input" attributeName="Multivalued.Input" dataTypeId="8" isMultivalue="true"/><field name="beslisboom.Input1" attributeName="beslisboom.Input1" dataTypeId="0" isMultivalue="false"><questionText><text language="nl-NL"><![CDATA[Input1]]></text></questionText></field><field name="beslisboom.Input2" attributeName="beslisboom.Input2" dataTypeId="0" isMultivalue="false"><questionText><text language="nl-NL"><![CDATA[Input2]]></text></questionText></field><field name="Control.NoDefaultDisplay" attributeName="Control.NoDefaultDisplay" dataTypeId="0" isMultivalue="false"><questionText><text language="nl-NL"><![CDATA[No Default]]></text></questionText></field><field name="beslisboom.Input3" attributeName="beslisboom.Input3" dataTypeId="0" isMultivalue="false"><questionText><text language="nl-NL"><![CDATA[Input3]]></text></questionText></field><field name="Control.DefaultConstant" attributeName="Control.DefaultConstant" dataTypeId="1" isMultivalue="true"/><field name="Input.Input" attributeName="Input.Input" dataTypeId="8" isMultivalue="false"/><field name="Active.TriggerRefresh" attributeName="Active.TriggerRefresh" dataTypeId="0" isMultivalue="false"/><field name="Active.Number" attributeName="Active.Number" dataTypeId="8" isMultivalue="false"/><field name="Persoon.TriggerRefresh" attributeName="Persoon.TriggerRefresh" dataTypeId="0" isMultivalue="false"/><field name="Werk.Jaarinkomen" attributeName="Werk.Jaarinkomen" dataTypeId="6" isMultivalue="false"/><field name="Werkgever.Naam" attributeName="Werkgever.Naam" dataTypeId="1" isMultivalue="false"/><field name="Werkgever.Plaats" attributeName="Werkgever.Plaats" dataTypeId="1" isMultivalue="false"/><field name="Adres.Straatnaam" attributeName="Adres.Straatnaam" dataTypeId="1" isMultivalue="false"/><field name="Adres.Huisnummer" attributeName="Adres.Huisnummer" dataTypeId="8" isMultivalue="false"/><field name="Adres.Plaats" attributeName="Adres.Plaats" dataTypeId="1" isMultivalue="false"/><field name="Werk.Functie" attributeName="Werk.Functie" dataTypeId="1" isMultivalue="false"/><field name="Adres.Postcode" attributeName="Adres.Postcode" dataTypeId="1" isMultivalue="false"/><field name="Raam.Type" attributeName="Raam.Type" dataTypeId="1" isMultivalue="false"/><field name="Raam.oppervlakte" attributeName="Raam.oppervlakte" dataTypeId="1" isMultivalue="false"/><field name="Buitenmuur.Oppervlakte" attributeName="Buitenmuur.Oppervlakte" dataTypeId="2" isMultivalue="false"/><field name="Buitenmuur.TypeIsolatie" attributeName="Buitenmuur.TypeIsolatie" dataTypeId="1" isMultivalue="false"/><field name="Kamer.HeeftBuitendeur" attributeName="Kamer.HeeftBuitendeur" dataTypeId="0" isMultivalue="false"/><field name="Kamer.TypeVloerbedekking" attributeName="Kamer.TypeVloerbedekking" dataTypeId="1" isMultivalue="false"/><field name="Woning.Energielabel" attributeName="Woning.Energielabel" dataTypeId="1" isMultivalue="false"/><field name="Werk.AantalUurPerWeek" attributeName="Werk.AantalUurPerWeek" dataTypeId="2" isMultivalue="false"/><field name="Hobby.AantalUurPerWeek" attributeName="Hobby.AantalUurPerWeek" dataTypeId="2" isMultivalue="false"/><field name="Hobby.Naam" attributeName="Hobby.Naam" dataTypeId="1" isMultivalue="false"/><field name="Input.HoeveelsteGetal" attributeName="Input.HoeveelsteGetal" dataTypeId="8" isMultivalue="false"><questionText><text language="nl-NL"><![CDATA[Hoeveelste Getal?]]></text></questionText></field><field name="Output.Resultaat" attributeName="Output.Resultaat" dataTypeId="8" isMultivalue="false"><questionText><text language="nl-NL"><![CDATA[Resultaat]]></text></questionText></field><field name="Control.NoDefault" attributeName="Control.NoDefault" dataTypeId="1" isMultivalue="true"/><field name="beslisboom.Output" attributeName="beslisboom.Output" dataTypeId="1" isMultivalue="false"><questionText><text language="nl-NL"><![CDATA[Output]]></text></questionText></field><field name="beslisboom.Input5" attributeName="beslisboom.Input5" dataTypeId="0" isMultivalue="false"><questionText><text language="nl-NL"><![CDATA[Input5]]></text></questionText></field><field name="beslisboom.Input4" attributeName="beslisboom.Input4" dataTypeId="0" isMultivalue="false"><questionText><text language="nl-NL"><![CDATA[Input4]]></text></questionText></field><field name="Multivalued.Output" attributeName="Multivalued.Output" dataTypeId="1" isMultivalue="true"/><field name="Control.Brightness" attributeName="Control.Brightness" dataTypeId="8" isMultivalue="false"><questionText><text language="nl-NL"><![CDATA[Brightness 0-255]]></text></questionText></field><field name="Control.Hue" attributeName="Control.Hue" dataTypeId="8" isMultivalue="false"><questionText><text language="nl-NL"><![CDATA[Hue 0-65535]]></text></questionText></field><field name="Control.Light" attributeName="Control.Light" dataTypeId="8" isMultivalue="false"><questionText><text language="nl-NL"><![CDATA[Light]]></text></questionText></field><field name="Verdieping.Nummer" attributeName="Verdieping.Nummer" dataTypeId="8" isMultivalue="false"/><field name="Woning.TypeCV" attributeName="Woning.TypeCV" dataTypeId="1" isMultivalue="false"/><field name="Woning.TypeVentilatie" attributeName="Woning.TypeVentilatie" dataTypeId="1" isMultivalue="false"/><field name="Woning.Bouwjaar" attributeName="Woning.Bouwjaar" dataTypeId="8" isMultivalue="false"/><field name="Input.Integer" attributeName="Input.Integer" dataTypeId="8" isMultivalue="false"/><field name="Output.Boolean" attributeName="Output.Boolean" dataTypeId="0" isMultivalue="false"/><field name="Output.Integer" attributeName="Output.Integer" dataTypeId="8" isMultivalue="false"/><field name="Persoon.Nummer" attributeName="Persoon.Nummer" dataTypeId="8" isMultivalue="false"/><field name="HO.Volgnummer" attributeName="HO.Volgnummer" dataTypeId="8" isMultivalue="false"/><field name="HF.Volgnummer" attributeName="HF.Volgnummer" dataTypeId="8" isMultivalue="false"/><field name="Control.Volgnummers" attributeName="Control.Volgnummers" dataTypeId="8" isMultivalue="true"><questionText><text language="nl-NL"><![CDATA[Volgnummers]]></text></questionText></field><field name="Weather.Type" attributeName="Weather.Type" dataTypeId="1" isMultivalue="false"/><field name="Person.Sports" attributeName="Person.Sports" dataTypeId="1" isMultivalue="true"><questionText><text language="nl-NL"><![CDATA[Sports]]></text></questionText></field><field name="Weather.Description" attributeName="Weather.Description" dataTypeId="1" isMultivalue="false"/><field name="Multiton.Attribute" attributeName="Multiton.Attribute" dataTypeId="1" isMultivalue="false"/><field name="Dak.Oppervlakte" attributeName="Dak.Oppervlakte" dataTypeId="2" isMultivalue="false"/><button name="Retry"><caption><text language="nl-NL"><![CDATA[retry]]></text></caption></button><button name="Bereken"><caption><text language="nl-NL"><![CDATA[InstanceUpdate]]></text></caption></button><button name="Confirm"><caption><text language="nl-NL"><![CDATA[Confirm]]></text></caption></button><button name="Rollback"><caption><text language="nl-NL"><![CDATA[Rollback]]></text></caption></button><container name="ActivePersons" typeName="AQ_FlowOnRefresh" isContextImmutable="false" isDynamic="true"><displayText><text language="nl-NL"><![CDATA[[[[ Active.Name ]]]]]></text></displayText><ref readonlyCondition="TRUE" sortAscending="false" targetTypeId="4" isRefreshElement="false" isLinkedViaRelationAttribute="false"><target><field name="Active.Number" attributeName="Active.Number" requiredCondition="FALSE" dataTypeId="8" isMultivalue="false"/></target></ref><ref readonlyCondition="FALSE" sortAscending="false" targetTypeId="4" isRefreshElement="true" isLinkedViaRelationAttribute="false"><target><field name="Active.TriggerRefresh" attributeName="Active.TriggerRefresh" requiredCondition="FALSE" dataTypeId="0" isMultivalue="false"/></target></ref></container><page name="PersonsActive" isContextImmutable="false" isDynamic="false"><displayText><text language="nl-NL"><![CDATA[persons]]></text></displayText><ref readonlyCondition="FALSE" repeatExpression="ALL Active" sortAscending="true" targetTypeId="2" isRefreshElement="false" isLinkedViaRelationAttribute="false" targetName="ActivePersons"/></page></composer><flowEngine><flow name="EmptyFlow" startNodeId="1" isExposed="false"><parameter name="allowed-channels"/><parameter name="allowed-roles"/><parameter name="transactional" value="false"/><node id="1" endNodeExitStateId="1" typeId="1"/></flow><flow name="FlowOnRefreshActive" startNodeId="1" isExposed="false"><parameter name="allowed-channels"/><parameter name="allowed-roles"/><parameter name="transactional" value="false"/><node id="2" endNodeExitStateId="1" typeId="1"/><node id="3" targetId="Set_PersonNumberTo5" typeId="3" actionNodeType="1"/><node id="1" targetId="ActivatePerson1" typeId="3" actionNodeType="1"/><node id="4" targetId="EmptyFlow" typeId="5" repeatExpression="COLLECT Active FROM ALL &#10;Active WHERE ( Active.Number = 2 )" sortAscending="true"/><edge label="default" sequenceNr="0" sourceId="3" targetId="2"/><edge label="default" sequenceNr="0" sourceId="1" targetId="4"/><edge label="default" sequenceNr="0" sourceId="4" targetId="3"/></flow><flow name="ActiveInstance" startNodeId="1" isExposed="true"><parameter name="allowed-channels"/><parameter name="allowed-roles"/><parameter name="transactional" value="false"/><node id="2" endNodeExitStateId="1" typeId="1"/><node id="1" targetId="Monica" typeId="3" actionNodeType="1"/><node id="3" targetId="erica" typeId="3" actionNodeType="1"/><node id="4" targetId="Rita" typeId="3" actionNodeType="1"/><node id="5" targetId="Mambo" typeId="3" actionNodeType="1"/><node id="6" targetId="PersonsActive" typeId="4"/><edge label="default" sequenceNr="0" sourceId="1" targetId="3"/><edge label="default" sequenceNr="0" sourceId="3" targetId="4"/><edge label="default" sequenceNr="0" sourceId="4" targetId="5"/><edge label="default" sequenceNr="0" sourceId="5" targetId="6"/></flow></flowEngine><ruleEngine allowTargetDowncast="false" parserVersion="8.0"><expressionEngine/><table targetAttribute="Kamer.Oppervlakte"><decisionTable name="conditional"><condition alternativeExpression="1" conditionExpression="Input.HoeveelsteGetal" sequenceNr="0"><action attribute=""><valueExpression value="1"/><valueExpression value="2"/><valueExpression value="3"/></action></condition><condition alternativeExpression="2" conditionExpression="Input.HoeveelsteGetal" sequenceNr="0"><action attribute=""><valueExpression value="2"/><valueExpression value="3"/></action></condition><condition alternativeExpression="3" conditionExpression="Input.HoeveelsteGetal" sequenceNr="0"><action attribute=""><valueExpression value="3"/></action></condition></decisionTable></table><sources><defaultRule attributeName="Control.ConstantDisplay" expression="Control.DefaultConstant != ?" type="expression"/><defaultRule attributeName="Kamer.Oppervlakte" type="value"><value type="1"><singleValue>1</singleValue></value></defaultRule><defaultRule attributeName="Input.BSNVALID" expression="BSN1 := INTEGER(SUBSTRING ( Input.BSN , 0 , 1 ) );&#10;BSN2 := INTEGER(SUBSTRING ( Input.BSN , 1 , 2 ) );&#10;BSN3 := INTEGER(SUBSTRING ( Input.BSN , 2 , 3 ) );&#10;BSN4 := INTEGER(SUBSTRING ( Input.BSN , 3 , 4 ) );&#10;BSN5 := INTEGER(SUBSTRING ( Input.BSN , 4 , 5 ) );&#10;BSN6 := INTEGER(SUBSTRING ( Input.BSN , 5 , 6 ) );&#10;BSN7 := INTEGER(SUBSTRING ( Input.BSN , 6 , 7 ) );&#10;BSN8 := INTEGER(SUBSTRING ( Input.BSN , 7 , 8 ) );&#10;BSN9 := INTEGER(SUBSTRING ( Input.BSN , 8 , 9 ) );&#10;&#10;( 9 * BSN1 + 8 * BSN2 + 7 * BSN3 + 6 * BSN4 + 5 * BSN5 + 4 * BSN6 + 3 * BSN7 + 2 * BSN8 - 1 * BSN9 ) % 11 = 0" type="expression"/><defaultRule attributeName="Control.Counter" type="value"><value type="8"><singleValue>0</singleValue></value></defaultRule><defaultRule attributeName="Control.NoDefaultDisplay" expression="Control.NoDefault != ?" type="expression"/><defaultRule attributeName="Input.HoeveelsteGetal" type="value"><value type="8"><singleValue>3</singleValue></value></defaultRule><defaultRule attributeName="Output.Resultaat" type="value"><value type="8"><singleValue>0</singleValue></value></defaultRule><defaultRule attributeName="beslisboom.Output" type="value"><value type="1"><singleValue>0</singleValue></value></defaultRule><defaultRule attributeName="Control.Brightness" type="value"><value type="8"><singleValue>255</singleValue></value></defaultRule><defaultRule attributeName="Control.Hue" expression="20000" type="expression"/><defaultRule attributeName="Control.Light" type="value"><value type="8"><singleValue>2</singleValue></value></defaultRule><defaultRule attributeName="Control.Volgnummers" expression="COLLECT LaagsteTweeHuidigeFinancieringen.Volgnummer&#10;FROM&#10;   COLLECT LaagsteTweeHuidigeOnderpanden.NaarHF&#10;   FROM ALL HO&#10;   NAMED LaagsteTweeHuidigeOnderpanden&#10;   WHERE ( SIZE( COLLECT  HO FROM ALL HO WHERE (  HO.Volgnummer &lt; LaagsteTweeHuidigeOnderpanden.Volgnummer ) ) &lt;= 1 )     &#10;NAMED LaagsteTweeHuidigeFinancieringen&#10;WHERE ( SIZE( COLLECT  HF FROM ALL HF WHERE (  HF.Volgnummer &lt; LaagsteTweeHuidigeFinancieringen.Volgnummer ) ) &lt;= 1 )" type="expression"/></sources></ruleEngine><treeEngine/><containerExpander name="ActivePersons" typeName="AQ_FlowOnRefresh"><parameter name="Flow" type="reference" direction="input"><value dataType="1"><![CDATA[FlowOnRefreshActive]]></value></parameter></containerExpander><maskCall callName="Acronym" typeName="AQ_RegularExpression"><parameter key="regexp-search">[\.\s]*([^.\s]{1})[\.\s]*</parameter><parameter key="replace">$1</parameter><parameter key="toupper">true</parameter></maskCall><maskCall callName="FirstUppercase" typeName="AQ_FirstToUpperCase"/><maskCall callName="Date_day" typeName="AQ_DatePattern"><parameter key="pattern">day</parameter></maskCall><maskCall callName="Date_dayofweek" typeName="AQ_DatePattern"><parameter key="pattern">dayofweek</parameter></maskCall><maskCall callName="Date_dayofweekddmonthyyyy_SpaceSep" typeName="AQ_DatePattern"><parameter key="pattern">dayofweek dd month yyyy</parameter></maskCall><maskCall callName="Date_dd" typeName="AQ_DatePattern"><parameter key="pattern">dd</parameter></maskCall><maskCall callName="Date_ddMMyyyy_hhmmss_12hours" typeName="AQ_DatePattern"><parameter key="pattern">dd-MM-yyyy hh:mm:ss a</parameter></maskCall><maskCall callName="Date_ddMMyyyy_HHmmss_24hours" typeName="AQ_DatePattern"><parameter key="pattern">dd-MM-yyyy HH:mm:ss</parameter></maskCall><maskCall callName="Date_ddMMyyyy_hhmm_12hours" typeName="AQ_DatePattern"><parameter key="pattern">dd-MM-yyyy hh:mm a</parameter></maskCall><maskCall callName="Date_ddMMyyyy_MinSep" typeName="AQ_DatePattern"><parameter key="pattern">dd-MM-yyyy</parameter></maskCall><maskCall callName="Date_ddMMyyyy_NoSep" typeName="AQ_DatePattern"><parameter key="pattern">ddMMyyyy</parameter></maskCall><maskCall callName="Date_ddMMyyyy_SlashSep" typeName="AQ_DatePattern"><parameter key="pattern">dd/MM/yyyy</parameter></maskCall><maskCall callName="Date_ddMMyyyy_SpaceSep" typeName="AQ_DatePattern"><parameter key="pattern">dd MM yyyy</parameter></maskCall><maskCall callName="Date_ddMMyy_hhmmss_12hours" typeName="AQ_DatePattern"><parameter key="pattern">dd-MM-yy hh:mm:ss a</parameter></maskCall><maskCall callName="Date_ddMMyy_HHmmss_24hours" typeName="AQ_DatePattern"><parameter key="pattern">dd-MM-yy HH:mm:ss</parameter></maskCall><maskCall callName="Date_ddMMyy_hhmm_12hours" typeName="AQ_DatePattern"><parameter key="pattern">dd-MM-yy hh:mm a</parameter></maskCall><maskCall callName="Date_ddMMyy_MinSep" typeName="AQ_DatePattern"><parameter key="pattern">dd-MM-yy</parameter></maskCall><maskCall callName="Date_ddMMyy_SlashSep" typeName="AQ_DatePattern"><parameter key="pattern">dd/MM/yy</parameter></maskCall><maskCall callName="Date_ddMMyy_SpaceSep" typeName="AQ_DatePattern"><parameter key="pattern">dd MM yy</parameter></maskCall><maskCall callName="Date_ddMM_MinSep" typeName="AQ_DatePattern"><parameter key="pattern">dd-MM</parameter></maskCall><maskCall callName="Date_ddMM_SlashSep" typeName="AQ_DatePattern"><parameter key="pattern">dd/MM</parameter></maskCall><maskCall callName="Date_ddMM_SpaceSep" typeName="AQ_DatePattern"><parameter key="pattern">dd MM</parameter></maskCall><maskCall callName="Date_ddmonthyyyy_MinSep" typeName="AQ_DatePattern"><parameter key="pattern">dd-month-yyyy</parameter></maskCall><maskCall callName="Date_ddmonthyyyy_SlashSep" typeName="AQ_DatePattern"><parameter key="pattern">dd/month/yyyy</parameter></maskCall><maskCall callName="Date_ddmonthyyyy_SpaceSep" typeName="AQ_DatePattern"><parameter key="pattern">dd month yyyy</parameter></maskCall><maskCall callName="Date_ddshortmonthyyyy_MinSep" typeName="AQ_DatePattern"><parameter key="pattern">dd-shortmonth-yyyy</parameter></maskCall><maskCall callName="Date_ddshortmonthyyyy_SlashSep" typeName="AQ_DatePattern"><parameter key="pattern">dd/shortmonth/yyyy</parameter></maskCall><maskCall callName="Date_ddshortmonthyyyy_SpaceSep" typeName="AQ_DatePattern"><parameter key="pattern">dd shortmonth yyyy</parameter></maskCall><maskCall callName="Date_dMMyyyy_HHmmss_24hours" typeName="AQ_DatePattern"><parameter key="pattern">d-MM-yyyy HH:mm:ss</parameter></maskCall><maskCall callName="Date_dMMyyyy_hmmss_12hours" typeName="AQ_DatePattern"><parameter key="pattern">d-MM-yyyy h:mm:ss a</parameter></maskCall><maskCall callName="Date_dMMyyyy_hmm_12hours" typeName="AQ_DatePattern"><parameter key="pattern">d-MM-yyyy h:mm a</parameter></maskCall><maskCall callName="Date_dMMyy_HHmmss_24hours" typeName="AQ_DatePattern"><parameter key="pattern">d-MM-yy HH:mm:ss</parameter></maskCall><maskCall callName="Date_dMMyy_hmmss_12hours" typeName="AQ_DatePattern"><parameter key="pattern">d-MM-yy h:mm:ss a</parameter></maskCall><maskCall callName="Date_dMMyy_hmm_12hours" typeName="AQ_DatePattern"><parameter key="pattern">d-MM-yy h:mm a</parameter></maskCall><maskCall callName="Date_dmonthyyyy_HHmmss_24hours" typeName="AQ_DatePattern"><parameter key="pattern">d month yyyy HH:mm</parameter></maskCall><maskCall callName="Date_dmonthyyyy_hmm_12hours" typeName="AQ_DatePattern"><parameter key="pattern">d month yyyy h:mm a</parameter></maskCall><maskCall callName="Date_dmonthyyyy_SpaceSep" typeName="AQ_DatePattern"><parameter key="pattern">d month yyyy</parameter></maskCall><maskCall callName="Date_MM" typeName="AQ_DatePattern"><parameter key="pattern">MM</parameter></maskCall><maskCall callName="Date_month" typeName="AQ_DatePattern"><parameter key="pattern">month</parameter></maskCall><maskCall callName="Date_shortmonth" typeName="AQ_DatePattern"><parameter key="pattern">shortmonth</parameter></maskCall><maskCall callName="Date_Year" typeName="AQ_DatePattern"><parameter key="pattern">year</parameter></maskCall><maskCall callName="Date_yyyy" typeName="AQ_DatePattern"><parameter key="pattern">yyyy</parameter></maskCall><maskCall callName="Date_yyyyMMdd_MinSep" typeName="AQ_DatePattern"><parameter key="pattern">yyyy-MM-dd</parameter></maskCall><maskCall callName="Date_yyyyMMdd_SpaceSep" typeName="AQ_DatePattern"><parameter key="pattern">yyyy MM dd</parameter></maskCall><maskCall callName="Date_yyyymonthdd_MinSep" typeName="AQ_DatePattern"><parameter key="pattern">yyyy-month-dd</parameter></maskCall><maskCall callName="Date_yyyymonthdd_SpaceSep" typeName="AQ_DatePattern"><parameter key="pattern">yyyy month dd</parameter></maskCall><maskCall callName="Date_yyyyshortmonthdd_MinSep" typeName="AQ_DatePattern"><parameter key="pattern">yyyy-shortmonth-dd</parameter></maskCall><maskCall callName="Date_yyyyshortmonthdd_SlashSep" typeName="AQ_DatePattern"><parameter key="pattern">yyyy/shortmonth/dd</parameter></maskCall><maskCall callName="Date_yyyyshortmonthdd_SpaceSep" typeName="AQ_DatePattern"><parameter key="pattern">yyyy shortmonth dd</parameter></maskCall><maskCall callName="Time_hhmmss_12hours" typeName="AQ_DatePattern"><parameter key="pattern">hh:mm:ss a</parameter></maskCall><maskCall callName="Time_HHmmss_24hours" typeName="AQ_DatePattern"><parameter key="pattern">HH:mm:ss</parameter></maskCall><maskCall callName="Time_hhmm_12hours" typeName="AQ_DatePattern"><parameter key="pattern">hh:mm a</parameter></maskCall><maskCall callName="Time_HHmm_24hours" typeName="AQ_DatePattern"><parameter key="pattern">HH:mm</parameter></maskCall><maskCall callName="Time_hmmss_12hours" typeName="AQ_DatePattern"><parameter key="pattern">h:mm:ss a</parameter></maskCall><maskCall callName="Time_hmm_12hours" typeName="AQ_DatePattern"><parameter key="pattern">h:mm a</parameter></maskCall><maskCall callName="AllLowercase" typeName="AQ_SetCase"><parameter key="case">lower</parameter></maskCall><maskCall callName="AllUppercase" typeName="AQ_SetCase"><parameter key="case">upper</parameter></maskCall><maskCall callName="BankAccountNr_NL" typeName="AQ_RegularExpression"><parameter key="regexp-search">^0*([0-9]{2})([0-9]{2})([0-9]{2})([0-9]{3})$</parameter><parameter key="replace">$1.$2.$3.$4</parameter><parameter key="prefix">00000000</parameter></maskCall><maskCall callName="Bool_InWords" typeName="AQ_SpelledBoolean"><parameter key="short">false</parameter></maskCall><maskCall callName="Bool_InWordsAbbr" typeName="AQ_SpelledBoolean"><parameter key="short">true</parameter></maskCall><maskCall callName="Curr_Dollar_ValueInWords" typeName="AQ_SpelledCurrency"><parameter key="spellzerocents">false</parameter><parameter key="currency">dollar</parameter></maskCall><maskCall callName="Curr_Dollar_ValueInWords_ZeroCents" typeName="AQ_SpelledCurrency"><parameter key="spellzerocents">true</parameter><parameter key="currency">dollar</parameter></maskCall><maskCall callName="Curr_Euro_2DigitsNoZeros" typeName="AQ_NumberPattern"><parameter key="pattern">###0.00</parameter><parameter key="prefix">€ </parameter><parameter key="zero-fraction">-</parameter></maskCall><maskCall callName="Curr_Euro_2DigitsNoZeros_1000Sep" typeName="AQ_NumberPattern"><parameter key="pattern">#,##0.00</parameter><parameter key="prefix">€ </parameter><parameter key="zero-fraction">-</parameter></maskCall><maskCall callName="Curr_Euro_2Digits_1000Sep" typeName="AQ_NumberPattern"><parameter key="pattern">#,##0.00</parameter><parameter key="prefix">€ </parameter></maskCall><maskCall callName="Curr_Euro_3DigitsNoZeros" typeName="AQ_NumberPattern"><parameter key="pattern">###0.000</parameter><parameter key="prefix">€ </parameter><parameter key="zero-fraction">-</parameter></maskCall><maskCall callName="Curr_Euro_3DigitsNoZeros_1000Sep" typeName="AQ_NumberPattern"><parameter key="pattern">#,##0.000</parameter><parameter key="prefix">€</parameter><parameter key="zero-fraction">-</parameter></maskCall><maskCall callName="Curr_Euro_NoDigits" typeName="AQ_NumberPattern"><parameter key="pattern">#0</parameter><parameter key="prefix">€ </parameter></maskCall><maskCall callName="Curr_Euro_NoDigits_1000Sep" typeName="AQ_NumberPattern"><parameter key="pattern">#,##0</parameter><parameter key="prefix">€ </parameter></maskCall><maskCall callName="Curr_Euro_ValueInWords" typeName="AQ_SpelledCurrency"><parameter key="spellzerocents">false</parameter><parameter key="currency">euro</parameter></maskCall><maskCall callName="Curr_Euro_ValueInWords_ZeroCents" typeName="AQ_SpelledCurrency"><parameter key="spellzerocents">true</parameter><parameter key="currency">euro</parameter></maskCall><maskCall callName="Curr_Pound_ValueInWords" typeName="AQ_SpelledCurrency"><parameter key="spellzerocents">false</parameter><parameter key="currency">pound</parameter></maskCall><maskCall callName="Curr_Pound_ValueInWords_Zeropennies" typeName="AQ_SpelledCurrency"><parameter key="spellzerocents">true</parameter><parameter key="currency">pound</parameter></maskCall><maskCall callName="Date_RelativeToToday_InWords" typeName="AQ_SpelledDeltaDate"/><maskCall callName="DayOfWeek" typeName="AQ_SpelledDayOfWeek"><parameter key="first-day-of-week">sunday</parameter></maskCall><maskCall callName="DayOfWorkWeek" typeName="AQ_SpelledDayOfWeek"><parameter key="first-day-of-week">monday</parameter></maskCall><maskCall callName="Int_InWords" typeName="AQ_SpelledInteger"/><maskCall callName="Int_MonthInWords" typeName="AQ_SpelledMonth"/><maskCall callName="Num_1Digit" typeName="AQ_NumberPattern"><parameter key="pattern">#0.0</parameter></maskCall><maskCall callName="Num_2Digits" typeName="AQ_NumberPattern"><parameter key="pattern">#0.00</parameter></maskCall><maskCall callName="Num_2DigitsNoZeros" typeName="AQ_NumberPattern"><parameter key="pattern">#0.00</parameter><parameter key="zero-fraction">-</parameter></maskCall><maskCall callName="Num_2DigitsNoZeros_1000Sep" typeName="AQ_NumberPattern"><parameter key="pattern">#,##0.00</parameter><parameter key="zero-fraction">-</parameter></maskCall><maskCall callName="Num_2Digits_1000Sep" typeName="AQ_NumberPattern"><parameter key="pattern">#,##0.00</parameter></maskCall><maskCall callName="Num_2Digits_InWords" typeName="AQ_SpelledNumber"/><maskCall callName="Num_3Digits" typeName="AQ_NumberPattern"><parameter key="pattern">#0.000</parameter></maskCall><maskCall callName="Num_3DigitsNoZeros" typeName="AQ_NumberPattern"><parameter key="pattern">#0.000</parameter><parameter key="zero-fraction">-</parameter></maskCall><maskCall callName="Num_3DigitsNoZeros_1000Sep" typeName="AQ_NumberPattern"><parameter key="pattern">#,##0.000</parameter><parameter key="zero-fraction">-</parameter></maskCall><maskCall callName="Num_4Digits" typeName="AQ_NumberPattern"><parameter key="pattern">#0.0000</parameter></maskCall><maskCall callName="Num_5Digits" typeName="AQ_NumberPattern"><parameter key="pattern">#0.00000</parameter></maskCall><maskCall callName="Num_6Digits" typeName="AQ_NumberPattern"><parameter key="pattern">#0.000000</parameter></maskCall><maskCall callName="Num_Absolute" typeName="AQ_NumberPattern"><parameter key="pattern">#0;#</parameter></maskCall><maskCall callName="Num_NoDigits" typeName="AQ_NumberPattern"><parameter key="pattern">#0</parameter></maskCall><maskCall callName="Num_NoDigits_1000Sep" typeName="AQ_NumberPattern"><parameter key="pattern">#,##0</parameter></maskCall><maskCall callName="Num_Ordinal_InWords" typeName="AQ_OrdinalNumber"/><maskCall callName="Perc_1000Sep" typeName="AQ_NumberPattern"><parameter key="pattern">#,##0.0####</parameter><parameter key="postfix"> %</parameter></maskCall><maskCall callName="Perc_1Digit_1000Sep" typeName="AQ_NumberPattern"><parameter key="pattern">#,##0.0</parameter><parameter key="postfix"> %</parameter></maskCall><maskCall callName="Perc_2Digit_1000Sep" typeName="AQ_NumberPattern"><parameter key="pattern">#,##0.00</parameter><parameter key="postfix"> %</parameter></maskCall><maskCall callName="Perc_3Digit_1000Sep" typeName="AQ_NumberPattern"><parameter key="pattern">#,##0.000</parameter><parameter key="postfix"> %</parameter></maskCall><maskCall callName="RomanNumeralsLow" typeName="AQ_RomanInteger"><parameter key="case">lower</parameter></maskCall><maskCall callName="RomanNumeralsUp" typeName="AQ_RomanInteger"><parameter key="case">upper</parameter></maskCall><maskCall callName="SocialSecurityNumber_Dutch" typeName="AQ_RegularExpression"><parameter key="regexp-search">^0*([0-9]{4})([0-9]{2})([0-9]{3})$</parameter><parameter key="replace">$1-$2-$3</parameter><parameter key="prefix">00000000</parameter></maskCall><maskCall callName="String_ZipCode_NL" typeName="AQ_RegularExpression"><parameter key="regexp-search">^([0-9]{4})\s*([A-Z]{2})$</parameter><parameter key="replace">$1 $2</parameter><parameter key="toupper">true</parameter></maskCall><serviceCall callName="Mambo" typeName="AQ_Instance_Create"><parameter name="data" type="value" direction="input"><value dataType="1"><![CDATA[<?xml version="1.0" encoding="utf-8"?><InstanceCreateContentData Entity="Active" InstanceActivationType="Before"><AttributeRelations><Attribute Name="Name" Value="&quot;Mambo&quot;" /><Attribute Name="Number" Value="3" /></AttributeRelations></InstanceCreateContentData>]]></value></parameter></serviceCall><serviceCall callName="Set_PersonNumberTo5" typeName="AQ_Instance_Update"><parameter name="data" type="value" direction="input"><value dataType="1"><![CDATA[<?xml version="1.0" encoding="utf-8"?><InstanceUpdateContentData Entity="Active" ClearBeforeExecute="False"><AttributeRelations><Attribute Name="Number" Value="5" /></AttributeRelations></InstanceUpdateContentData>]]></value></parameter></serviceCall><serviceCall callName="ActivatePerson1" typeName="AQ_ActivateInstance"><parameter name="entity-name" type="reference" direction="input"><value dataType="1"><![CDATA[Active]]></value></parameter><parameter name="condition" type="expression" direction="input"><value dataType="1"><![CDATA[Active.Number = 1]]></value></parameter></serviceCall><serviceCall callName="Rita" typeName="AQ_Instance_Create"><parameter name="data" type="value" direction="input"><value dataType="1"><![CDATA[<?xml version="1.0" encoding="utf-8"?><InstanceCreateContentData Entity="Active" InstanceActivationType="Before"><AttributeRelations><Attribute Name="Name" Value="&quot;Rita&quot;" /><Attribute Name="Number" Value="2" /></AttributeRelations></InstanceCreateContentData>]]></value></parameter></serviceCall><serviceCall callName="erica" typeName="AQ_Instance_Create"><parameter name="data" type="value" direction="input"><value dataType="1"><![CDATA[<?xml version="1.0" encoding="utf-8"?><InstanceCreateContentData Entity="Active" InstanceActivationType="Before"><AttributeRelations><Attribute Name="Name" Value="&quot;Erica&quot;" /><Attribute Name="Number" Value="2" /></AttributeRelations></InstanceCreateContentData>]]></value></parameter></serviceCall><serviceCall callName="Monica" typeName="AQ_Instance_Create"><parameter name="data" type="value" direction="input"><value dataType="1"><![CDATA[<?xml version="1.0" encoding="utf-8"?><InstanceCreateContentData Entity="Active" InstanceActivationType="Before"><AttributeRelations><Attribute Name="Name" Value="&quot;Monica&quot;" /><Attribute Name="Number" Value="1" /></AttributeRelations></InstanceCreateContentData>]]></value></parameter></serviceCall><communicationEngine><schemaSets/><soapServices/><restServices/><contracts/><domainSchemas/></communicationEngine><project defaultLanguage="Dutch" name="CheckboxFlowOnRefresh" version="0.0-Trunk" versionLabel="Trunk"><expander name="AQ_Aggregate_List"><parameter name="data" multivalue="false" required="true" type="2" direction="1"/></expander><expander name="AQ_ExternalContent" desc="DEPRECATED:&#10;Container which will present itself as an iframe. In this iframe you will be able to load another URL."><parameter name="URL" multivalue="false" required="true" type="1" direction="1"/></expander><expander name="AQ_CMIS_DownloadDocument" desc="This container retreives a document from a document management system (DMS) using a CMIS connection."><parameter name="Id" multivalue="false" required="false" type="1" direction="1"/><parameter name="Name" multivalue="false" required="false" type="1" direction="1"/><parameter name="Path" multivalue="false" required="false" type="1" direction="1"/><parameter name="DisplayText" multivalue="false" required="true" type="3" direction="1"/></expander><expander name="AQ_CaseList" desc="Use this container type to create a tabular overview of current cases. "><parameter name="data" multivalue="false" required="false" type="2" direction="1"/></expander><expander name="AQ_FlowOnRefresh" desc="With this container it is possible to start a flow on refresh."><parameter name="Flow" multivalue="false" required="true" type="3" direction="1"/><parameter name="Validation" multivalue="false" required="false" type="2" direction="1"/></expander><expander name="AQ_WorkList" desc="This container creates a tabular overview of a person’s work- or caseload."><parameter name="data" multivalue="false" required="true" type="2" direction="1"/></expander><expander name="AQ_Justifications" desc="Use this container to add justification to the outcome of your calculation or assessment."><parameter name="attribute-path" multivalue="false" required="true" type="1" direction="1"/><parameter name="detail-level" multivalue="false" required="false" type="2" direction="1"/><parameter name="formats" multivalue="false" required="true" type="2" direction="1"/></expander><expander name="AQ_InstanceLinker" desc="This container connects an instance of one entity to the instance of a related entity."><parameter name="entityName" multivalue="false" required="true" type="2" direction="1"/><parameter name="attributes" multivalue="false" required="true" type="2" direction="1"/><parameter name="whereClause" multivalue="false" required="false" type="2" direction="1"/><parameter name="required" multivalue="false" required="false" type="2" direction="1"/><parameter name="readonly" multivalue="false" required="false" type="2" direction="1"/><parameter name="refresh" multivalue="false" required="false" type="2" direction="1"/><parameter name="format" multivalue="false" required="false" type="2" direction="1"/><parameter name="sortOrder" multivalue="false" required="true" type="2" direction="1"/><parameter name="presentationStyles" multivalue="true" required="false" type="3" direction="1"/></expander><expander name="AQ_DocumentLink" desc="This container displays a download link which generates a document."><parameter name="asset-name" multivalue="false" required="true" type="3" direction="1"/><parameter name="asset-type" multivalue="false" required="true" type="2" direction="1"/><parameter name="document-name" multivalue="false" required="false" type="1" direction="1"/><parameter name="document-type" multivalue="false" required="true" type="2" direction="1"/><parameter name="optional-parameters" multivalue="false" required="false" type="2" direction="1"/><parameter name="page-name" multivalue="false" required="false" type="1" direction="1"/></expander><expander name="AQ_DecisionTreeSelector" desc="This container retrieves a number of decision trees that match the given symptom."><parameter name="symptom-attribute" multivalue="false" required="true" type="3" direction="1"/><parameter name="matchButton" multivalue="false" required="true" type="3" direction="1"/><parameter name="selectButton" multivalue="false" required="true" type="3" direction="1"/><parameter name="threshold" multivalue="false" required="false" type="2" direction="1"/><parameter name="maxresults" multivalue="false" required="false" type="2" direction="1"/></expander><expander name="AQ_BreadCrumb" desc="DEPRECATED:&#10;This container shows a breadcrumb on a page."><parameter name="crumbString" multivalue="false" required="true" type="2" direction="1"/></expander><expander name="AQ_DecisionTreeEvaluator" desc="This container executes the selected decision tree. This container has no containment."><parameter name="continueButton" multivalue="false" required="false" type="3" direction="1"/><parameter name="stopButton" multivalue="false" required="false" type="3" direction="1"/><parameter name="retryButton" multivalue="false" required="false" type="3" direction="1"/><parameter name="DecisionTree" multivalue="false" required="false" type="3" direction="1"/><parameter name="skip-filled-questions" multivalue="false" required="false" type="2" direction="1"/><parameter name="show-implicit-answers" multivalue="false" required="false" type="2" direction="1"/><parameter name="answers-readonly" multivalue="false" required="false" type="2" direction="1"/><parameter name="show-attribute-solutions" multivalue="false" required="false" type="2" direction="1"/></expander><expander name="AQ_File_Upload" desc="With this container it is possible to upload several files at once."><parameter name="Connection" multivalue="false" required="true" type="2" direction="1"/><parameter name="FileExtension" multivalue="true" required="false" type="2" direction="1"/><parameter name="MaxFileSize" multivalue="false" required="false" type="2" direction="1"/><parameter name="Persistence" multivalue="false" required="true" type="2" direction="1"/><parameter name="Mode" multivalue="false" required="true" type="2" direction="1"/><parameter name="UpdateFileID" multivalue="false" required="false" type="3" direction="1"/><parameter name="CaseID" multivalue="false" required="false" type="1" direction="1"/><parameter name="FileID" multivalue="false" required="true" type="3" direction="2"/><parameter name="FileName" multivalue="false" required="false" type="3" direction="2"/><parameter name="FileType" multivalue="false" required="false" type="3" direction="2"/><parameter name="FileSize" multivalue="false" required="false" type="3" direction="2"/><parameter name="FileCreatedBy" multivalue="false" required="false" type="3" direction="2"/><parameter name="FileCreationDate" multivalue="false" required="false" type="3" direction="2"/><parameter name="AuthorizedRoles" multivalue="true" required="false" type="3" direction="1"/></expander><expander name="AQ_File_Download" desc="With this container it is possible to download a file."><parameter name="Connection" multivalue="false" required="true" type="2" direction="1"/><parameter name="FileId" multivalue="false" required="true" type="3" direction="1"/><parameter name="ButtonText" multivalue="false" required="true" type="3" direction="1"/><parameter name="ButtonPresentationStyle" multivalue="false" required="false" type="3" direction="1"/></expander><expander name="AQ_InstanceList" desc="The AQ_InstanceList container shows instances of an entity, and of subtypes of that entity. The container can contain an expression to filter the entities shown. The instances to show can also be filtered by accessing the container through a multi-value relation (i.e., setting the context for the container)."><parameter name="referrer-path" multivalue="false" required="false" type="1" direction="1"/><parameter name="entity" multivalue="false" required="true" type="3" direction="1"/><parameter name="noinstancecontainer" multivalue="false" required="false" type="3" direction="1"/><parameter name="headercontainer" multivalue="false" required="false" type="3" direction="1"/><parameter name="whereclause" multivalue="false" required="false" type="1" direction="1"/><parameter name="sortattribute" multivalue="false" required="false" type="3" direction="1"/><parameter name="sortorder" multivalue="false" required="false" type="2" direction="1"/><parameter name="sortunknownsaslast" multivalue="false" required="false" type="2" direction="1"/><parameter name="pagingsize" multivalue="false" required="false" type="2" direction="1"/></expander><expander name="AQ_Statistic_Process" desc="A container that receives information from the process database to show in the AQ_Statistic_Visualization"><parameter name="data" multivalue="false" required="false" type="2" direction="3"/></expander><expander name="AQ_Statistic_Aggregate" desc="A container that receives information from the aggregate database to show in the AQ_Statistic_Visualization"><parameter name="data" multivalue="false" required="false" type="2" direction="3"/></expander><expander name="AQ_Statistic_Visualization" desc="A container that displays statistics."/><expander name="AQ_TaskList" desc="This container creates a tabular overview of tasks for a case"><parameter name="data" multivalue="false" required="true" type="2" direction="1"/></expander><expander name="AQ_ExternalFlow"><parameter name="Connection" multivalue="false" required="true" type="1" direction="3"/><parameter name="Mapping" multivalue="false" required="false" type="3" direction="3"/><parameter name="Contract" multivalue="false" required="false" type="2" direction="3"/></expander><expander name="AQ_Dashboard_CommentList" desc="This container is able to present to you a list of placed comments on an item. It is able to filter on a certain user and only display comments within a certain time period."><parameter name="refID" multivalue="false" required="true" type="1" direction="1"/><parameter name="userName" multivalue="false" required="false" type="1" direction="1"/><parameter name="displayPeriod" multivalue="false" required="false" type="1" direction="1"/></expander><expander name="AQ_Dashboard_Comment" desc="This container shows comments from users. It contains a text area and a comment button."><parameter name="refID" multivalue="false" required="true" type="1" direction="1"/><parameter name="title" multivalue="false" required="true" type="3" direction="1"/><parameter name="buttonText" multivalue="false" required="true" type="3" direction="1"/></expander><expander name="AQ_Dashboard_FlowWidget" desc="This container represents a widget in a dashboard that is able to run its own flow in a separate session. It can react on portal messages."><parameter name="data" multivalue="false" required="true" type="2" direction="3"/></expander><expander name="AQ_Dashboard_PortalMessageListener" desc="This container allows you to react on portal messages. It is an invisible container that gives you exits on a page which can be triggered by a portal message."><parameter name="data" multivalue="false" required="true" type="2" direction="1"/></expander><expander name="AQ_Timeline" desc="A container that is able to show you a timeline of past events. You can set a filter for a specific case and time period."><parameter name="caseId" multivalue="false" required="false" type="1" direction="1"/><parameter name="displayPeriod" multivalue="false" required="false" type="1" direction="1"/><parameter name="showCases" multivalue="false" required="false" type="2" direction="1"/><parameter name="showTasks" multivalue="false" required="false" type="2" direction="1"/><parameter name="showMessageEvents" multivalue="false" required="false" type="2" direction="1"/><parameter name="showDocuments" multivalue="false" required="false" type="2" direction="1"/><parameter name="connections" multivalue="true" required="false" type="2" direction="1"/><parameter name="showEntriesForUnknownConnections" multivalue="false" required="false" type="2" direction="1"/><parameter name="userId" multivalue="false" required="false" type="1" direction="1"/></expander><expander name="AQ_Chart_EasyPie" desc="DEPRECATED:&#10;This container displays an EasyPie chart."><parameter name="value" multivalue="false" required="true" type="1" direction="1"/><parameter name="maxValue" multivalue="false" required="true" type="1" direction="1"/><parameter name="color" multivalue="false" required="false" type="3" direction="1"/></expander><expander name="AQ_Dashboard_Widget" desc="This container type represents a widget in a dashboard, to run in the dashboard session. It cannot react on portal messages."/><expander name="AQ_Dashboard_ProjectWidget" desc="Use this container to display a page from another project."><parameter name="ShortcutName" multivalue="false" required="false" type="1" direction="1"/><parameter name="ShortcutAttribute" multivalue="false" required="false" type="3" direction="1"/><parameter name="Data" multivalue="true" required="false" type="1" direction="1"/><parameter name="PortalMessages" multivalue="true" required="false" type="3" direction="1"/></expander><language name="Dutch" code="nl-NL"/><service name="AQ_Aggregate_Create"><exitEvent>Unauthorized</exitEvent><parameter name="AggregateType" multivalue="false" required="true" type="3" direction="1"/><parameter name="AggregateId" multivalue="false" required="true" type="3" direction="2"/><parameter name="TargetInstance" multivalue="false" required="false" type="1" direction="1"/><parameter name="VersionIDOutput" multivalue="false" required="false" type="3" direction="2"/><parameter name="StoreInstances" multivalue="true" required="false" type="1" direction="1"/></service><service name="AQ_Aggregate_Read"><exitEvent>IdError</exitEvent><exitEvent>Unauthorized</exitEvent><parameter name="AggregateType" multivalue="false" required="true" type="3" direction="1"/><parameter name="AggregateId" multivalue="false" required="true" type="1" direction="1"/><parameter name="VersionIDInput" multivalue="false" required="false" type="1" direction="3"/><parameter name="VersionIDOutput" multivalue="false" required="false" type="3" direction="2"/><parameter name="TargetInstance" multivalue="false" required="false" type="1" direction="2"/></service><service name="AQ_Aggregate_Delete"><exitEvent>IdError</exitEvent><exitEvent>Unauthorized</exitEvent><parameter name="AggregateType" multivalue="false" required="true" type="3" direction="1"/><parameter name="AggregateId" multivalue="false" required="true" type="1" direction="1"/><parameter name="VersionIDInput" multivalue="false" required="false" type="1" direction="1"/></service><service name="AQ_Aggregate_Update"><exitEvent>IdError</exitEvent><exitEvent>Unauthorized</exitEvent><parameter name="AggregateType" multivalue="false" required="true" type="3" direction="1"/><parameter name="AggregateID" multivalue="false" required="true" type="1" direction="1"/><parameter name="CreateNewVersion" multivalue="false" required="true" type="2" direction="1"/><parameter name="VersionIDOutput" multivalue="false" required="false" type="3" direction="3"/><parameter name="TargetInstance" multivalue="false" required="false" type="1" direction="1"/><parameter name="StoreInstances" multivalue="true" required="false" type="1" direction="1"/></service><service name="AQ_Aggregate_Search" desc="This service search for stored aggregate entries and returns their IDs."><exitEvent>FoundNoAggregates</exitEvent><exitEvent>FoundOneAggregate</exitEvent><exitEvent>FoundMultipleAggregates</exitEvent><exitEvent>Unauthorized</exitEvent><parameter name="data" multivalue="false" required="false" type="2" direction="1"/></service><service name="AQ_ThrowMessageEvent" desc="This service can be used to throw a message event towards the process engine. You select a defined message event and fill the content of the message with expressions in the context of your current domain."><exitEvent>IdError</exitEvent><parameter name="messageEvent" multivalue="false" required="true" type="2" direction="1"/><parameter name="eventValues" multivalue="true" required="false" type="2" direction="1"/><parameter name="caseIds" multivalue="true" required="false" type="2" direction="2"/><parameter name="sendToCaseId" multivalue="false" required="false" type="2" direction="1"/></service><service name="AQ_NextTasksForMessageEvent" desc="This type of service is used to activates the next task when only one new task is available after throwing a message event. Services of this type will return one of the following events:  &#10;- &quot;One&quot; when the next task available is activated after the message event,&#10;- &quot;None&quot; when there is no task available after the message event,&#10;- &quot;Multiple&quot; when there are more than one tasks available after the message event."><exitEvent>One</exitEvent><exitEvent>None</exitEvent><exitEvent>Multiple</exitEvent><parameter name="caseId" multivalue="false" required="false" type="1" direction="1"/><parameter name="taskId" multivalue="false" required="false" type="3" direction="2"/></service><service name="AQ_Document_Renderer" desc="This service renders a document."><parameter name="document-name" multivalue="false" required="true" type="1" direction="1"/><parameter name="document-type" multivalue="false" required="true" type="2" direction="1"/></service><service name="AQ_CMIS_DocumentManager" desc="The service can store, update and delete documents in a document management system (DMS)."><exitEvent>Denied</exitEvent><parameter name="data" multivalue="false" required="true" type="2" direction="1"/></service><service name="AQ_CMIS_GetDocumentMetadata" desc="This type of service is used to retrieve information from the current document for displaying purposes. The attribute types that are used in the parameters should match the type of information returned by the service to avoid type conversion errors."><exitEvent>Denied</exitEvent><parameter name="data" multivalue="false" required="false" type="2" direction="1"/></service><service name="AQ_GetCaseInfo" desc="This service retrieves case information."><parameter name="caseId" multivalue="false" required="false" type="1" direction="1"/><parameter name="name" multivalue="false" required="false" type="3" direction="2"/><parameter name="displayname" multivalue="false" required="false" type="3" direction="2"/><parameter name="creationdate" multivalue="false" required="false" type="3" direction="2"/><parameter name="status" multivalue="false" required="false" type="3" direction="2"/><parameter name="configurationmodule" multivalue="false" required="false" type="2" direction="1"/><parameter name="datamapping" multivalue="false" required="false" type="2" direction="1"/></service><service name="AQ_ActivateInstance" desc="Activate a specific instance in a flow, for displaying on a page, use in conditions, subflows or pages."><parameter name="entity-name" multivalue="false" required="false" type="3" direction="1"/><parameter name="relation" multivalue="false" required="false" type="1" direction="1"/><parameter name="condition" multivalue="false" required="false" type="1" direction="1"/></service><service name="AQ_AssignTask" desc="Use this type of service to assign the active task&#10;- either to a specific user&#10;- or to one or more teams or roles."><parameter name="Users" multivalue="false" required="false" type="1" direction="1"/><parameter name="Teams" multivalue="false" required="false" type="1" direction="1"/><parameter name="Roles" multivalue="false" required="false" type="1" direction="1"/><parameter name="taskId" multivalue="false" required="false" type="1" direction="1"/></service><service name="AQ_CsvConnectivityService" desc="Reads data from a CSV file."><parameter name="input-mapping" multivalue="false" required="true" type="2" direction="1"/><parameter name="output-mapping" multivalue="false" required="true" type="2" direction="1"/><parameter name="meta-data" multivalue="false" required="true" type="2" direction="1"/><parameter name="ConnectionName" multivalue="false" required="true" type="2" direction="1"/><parameter name="connection" multivalue="false" required="true" type="2" direction="1"/><parameter name="service-fields" multivalue="false" required="false" type="2" direction="1"/></service><service name="AQ_DeleteInstance" desc="Delete one or more instances.&#10;N.B. Use type or attribute-path to select, not both"><parameter name="type" multivalue="false" required="false" type="3" direction="1"/><parameter name="attribute-path" multivalue="false" required="false" type="1" direction="1"/><parameter name="condition" multivalue="false" required="false" type="1" direction="1"/><parameter name="type-scope" multivalue="false" required="false" type="2" direction="1"/><parameter name="exact-type" multivalue="false" required="false" type="2" direction="1"/></service><service name="AQ_ExecuteTask" desc="This type of service is used to execute the active task. A task will be active when a user starts a task via the workload container, via the AQ_NextTasksForCase service or via a custom service."><exitEvent>complete</exitEvent><exitEvent>abort</exitEvent><exitEvent>locked</exitEvent><exitEvent>denied</exitEvent><parameter name="taskId" multivalue="false" required="false" type="1" direction="1"/></service><service name="AQ_GetTaskInfo" desc="This type of service is used to retrieve information from the current task for displaying purposes. The attribute types that are used in the parameters should match the type of information returned by the service to avoid type conversion errors."><parameter name="name" multivalue="false" required="false" type="3" direction="2"/><parameter name="displayname" multivalue="false" required="false" type="3" direction="2"/><parameter name="description" multivalue="false" required="false" type="3" direction="2"/><parameter name="startdate" multivalue="false" required="false" type="3" direction="2"/><parameter name="targetdate" multivalue="false" required="false" type="3" direction="2"/><parameter name="status" multivalue="false" required="false" type="3" direction="2"/><parameter name="timeoutdate" multivalue="false" required="false" type="3" direction="2"/><parameter name="authorizedroles" multivalue="false" required="false" type="3" direction="2"/><parameter name="assignee" multivalue="false" required="false" type="3" direction="2"/><parameter name="team" multivalue="false" required="false" type="3" direction="2"/><parameter name="role" multivalue="false" required="false" type="3" direction="2"/><parameter name="ismanuallyassigned" multivalue="false" required="false" type="3" direction="2"/><parameter name="priority" multivalue="false" required="false" type="3" direction="2"/><parameter name="customfields" multivalue="true" required="false" type="2" direction="2"/><parameter name="taskId" multivalue="false" required="false" type="1" direction="1"/></service><service name="AQ_MailService" desc="The mail service is a service which can send an email using an asset as body text optionally containing HTML tags."><exitEvent>MailSizeExceeded</exitEvent><parameter name="addresses-to-expr" multivalue="false" required="true" type="1" direction="1"/><parameter name="addresses-cc-expr" multivalue="false" required="false" type="1" direction="1"/><parameter name="addresses-bcc-expr" multivalue="false" required="false" type="1" direction="1"/><parameter name="address-from" multivalue="false" required="true" type="1" direction="1"/><parameter name="smtp-host" multivalue="false" required="false" type="2" direction="1"/><parameter name="smtp-user" multivalue="false" required="false" type="2" direction="1"/><parameter name="smtp-password" multivalue="false" required="false" type="2" direction="1"/><parameter name="mail-asset" multivalue="false" required="true" type="2" direction="1"/><parameter name="smtp-port" multivalue="false" required="false" type="2" direction="1"/><parameter name="smtp-usetls" multivalue="false" required="false" type="2" direction="1"/><parameter name="Connection" multivalue="false" required="false" type="2" direction="1"/><parameter name="FileIds" multivalue="true" required="false" type="1" direction="1"/></service><service name="AQ_NextTasksForCase" desc="This type of service is used to activate the next task when only one is available for the active case. Services of this type will return one of the following events: 	&#10;- &quot;One&quot; when the next task available is activated for the active case,&#10;- &quot;None&quot; when there is no task available for the active case,&#10;- &quot;Multiple&quot; when there are more than one tasks available for the active case."><exitEvent>One</exitEvent><exitEvent>None</exitEvent><exitEvent>Multiple</exitEvent><parameter name="caseId" multivalue="false" required="false" type="1" direction="1"/><parameter name="taskId" multivalue="false" required="false" type="3" direction="2"/></service><service name="AQ_TaskStatus" desc="Use this type of service to determine the status of the active task. The status is returned in the form of an event, which can be used to direct the pageflow."><exitEvent>Open</exitEvent><exitEvent>Started</exitEvent><exitEvent>Complete</exitEvent><exitEvent>Canceled</exitEvent><exitEvent>Expired</exitEvent></service><service name="AQ_File_Delete" desc="Delete a specific file."><exitEvent>Unauthorized</exitEvent><parameter name="Connection" multivalue="false" required="true" type="2" direction="1"/><parameter name="FileId" multivalue="false" required="true" type="3" direction="1"/><parameter name="RemoveInstance" multivalue="false" required="true" type="2" direction="1"/></service><service name="AQ_File_UpdateMetaData" desc="Updates meta data."><exitEvent>Unauthorized</exitEvent><parameter name="Connection" multivalue="false" required="true" type="2" direction="1"/><parameter name="FileId" multivalue="false" required="true" type="3" direction="1"/><parameter name="CustomMetaData" multivalue="true" required="false" type="1" direction="1"/><parameter name="CaseID" multivalue="false" required="false" type="1" direction="1"/></service><service name="AQ_File_GetMetaData" desc="Retrieve meta data from an uploaded file."><exitEvent>Unauthorized</exitEvent><parameter name="Connection" multivalue="false" required="true" type="2" direction="1"/><parameter name="FileId" multivalue="false" required="true" type="3" direction="1"/><parameter name="Name" multivalue="false" required="false" type="3" direction="2"/><parameter name="Type" multivalue="false" required="false" type="3" direction="2"/><parameter name="Size" multivalue="false" required="false" type="3" direction="2"/><parameter name="CreatedBy" multivalue="false" required="false" type="3" direction="2"/><parameter name="CreationDate" multivalue="false" required="false" type="3" direction="2"/><parameter name="LastUpdatedBy" multivalue="false" required="false" type="3" direction="2"/><parameter name="LastUpdated" multivalue="false" required="false" type="3" direction="2"/><parameter name="CaseID" multivalue="false" required="false" type="3" direction="2"/><parameter name="CustomMetaData" multivalue="true" required="false" type="3" direction="2"/></service><service name="AQ_File_Move" desc="Move a file from one connection to another."><exitEvent>Unauthorized</exitEvent><parameter name="ConnectionFrom" multivalue="false" required="true" type="2" direction="1"/><parameter name="ConnectionTo" multivalue="false" required="true" type="2" direction="1"/><parameter name="FileId" multivalue="false" required="true" type="3" direction="3"/></service><service name="AQ_StoreDecision" desc="This service stores a decision graph in the trace database."><parameter name="Decision" multivalue="false" required="true" type="3" direction="1"/><parameter name="DecisionType" multivalue="false" required="false" type="1" direction="1"/><parameter name="ReferenceIds" multivalue="false" required="false" type="1" direction="1"/></service><service name="AQ_Instance_Create" desc="Create an instance and set attributes and relations for it."><parameter name="data" multivalue="false" required="false" type="2" direction="1"/></service><service name="AQ_Instance_Update" desc="Update an instance by setting or clearing attributes and relations."><parameter name="data" multivalue="false" required="false" type="2" direction="1"/></service><service name="AQ_Document_Generate" desc="This service generates a file from a document (or page)."><exitEvent>Unauthorized</exitEvent><parameter name="Document" multivalue="false" required="false" type="3" direction="1"/><parameter name="Page" multivalue="false" required="false" type="3" direction="1"/><parameter name="FileName" multivalue="false" required="true" type="1" direction="1"/><parameter name="FileType" multivalue="false" required="true" type="2" direction="1"/><parameter name="Connection" multivalue="false" required="true" type="2" direction="1"/><parameter name="Persistence" multivalue="false" required="true" type="2" direction="1"/><parameter name="CreateInstance" multivalue="false" required="true" type="2" direction="1"/><parameter name="Relation" multivalue="false" required="false" type="3" direction="1"/><parameter name="UpdateFileID" multivalue="false" required="false" type="3" direction="1"/><parameter name="FileID" multivalue="false" required="true" type="3" direction="2"/><parameter name="AuthorizedRoles" multivalue="true" required="false" type="3" direction="1"/><parameter name="CaseID" multivalue="false" required="false" type="1" direction="1"/></service><service name="AQ_Report" desc="Use this service when you want to export profile data (possibly with a data mapping) to an external system, such as a datawarehouse."><parameter name="Connection" multivalue="false" required="true" type="2" direction="1"/><parameter name="DataMapping" multivalue="false" required="false" type="3" direction="1"/></service><service name="AQ_StartProject" desc="The AQ_StartProject service starts an exposed flow in another project."><exitEvent>Unauthorized</exitEvent><parameter name="ShortcutName" multivalue="false" required="false" type="1" direction="1"/><parameter name="ShortcutAttribute" multivalue="false" required="false" type="3" direction="1"/><parameter name="Action" multivalue="false" required="true" type="2" direction="1"/><parameter name="Data" multivalue="true" required="false" type="1" direction="1"/></service><service name="AQ_GetRequestParameters" desc="The AQ_GetRequestParameters service can be used to retrieve one or more URL arguments and place them on attributes in the profile."><parameter name="Parameters" multivalue="true" required="true" type="3" direction="2"/></service><service name="AQ_SoapServiceClient" desc="This service calls a SOAP webservice. Java only."><exitEvent>Ok</exitEvent><exitEvent>Timeout</exitEvent><exitEvent>SoapFault</exitEvent><exitEvent>Error</exitEvent><parameter name="soapService" multivalue="false" required="true" type="3" direction="1"/><parameter name="operation" multivalue="false" required="true" type="2" direction="1"/><parameter name="url" multivalue="false" required="false" type="1" direction="1"/><parameter name="connectionOverride" multivalue="false" required="false" type="1" direction="1"/><parameter name="mapping" multivalue="false" required="false" type="3" direction="3"/><parameter name="username" multivalue="false" required="false" type="2" direction="1"/><parameter name="password" multivalue="false" required="false" type="2" direction="1"/><parameter name="soapFault" multivalue="false" required="true" type="3" direction="2"/><parameter name="soapFaultCode" multivalue="false" required="true" type="3" direction="2"/><parameter name="soapFaultMessage" multivalue="false" required="true" type="3" direction="2"/><parameter name="connection" multivalue="false" required="false" type="2" direction="3"/><parameter name="fileList" multivalue="false" required="false" type="1" direction="1"/><parameter name="fileRelation" multivalue="true" required="false" type="3" direction="2"/><parameter name="persistence" multivalue="false" required="false" type="2" direction="1"/><parameter name="caseId" multivalue="false" required="false" type="1" direction="2"/><parameter name="file" multivalue="false" required="false" type="3" direction="2"/><parameter name="fileId" multivalue="false" required="false" type="3" direction="2"/><parameter name="fileContentId" multivalue="false" required="false" type="3" direction="2"/><parameter name="fileName" multivalue="false" required="false" type="3" direction="2"/><parameter name="fileType" multivalue="false" required="false" type="3" direction="2"/><parameter name="fileSize" multivalue="false" required="false" type="3" direction="2"/><parameter name="fileCreatedBy" multivalue="false" required="false" type="3" direction="2"/><parameter name="fileCreationDate" multivalue="false" required="false" type="3" direction="2"/></service><service name="AQ_Function_GetInput" desc="DEPRECATED. This service is deprecated.&#10;Please use the parameters tab on function flows instead. &#10;&#10;With this service you can retrieve the parameter values that are submitted to the function call and place them in the profile."><parameter name="input" multivalue="true" required="false" type="3" direction="2"/></service><service name="AQ_Function_SetOutput" desc="DEPRECATED. This service is deprecated.&#10;Please use the parameters tab on function flows instead. &#10;&#10;With this service you can set the outcome of your function call so that they can be retrieved from the calling application."><parameter name="output" multivalue="true" required="true" type="1" direction="1"/></service><service name="AQ_RestServiceClient" desc="This service calls a Rest webservice. Java only."><parameter name="restService" multivalue="false" required="true" type="3" direction="1"/><parameter name="operation" multivalue="false" required="true" type="2" direction="1"/><parameter name="url" multivalue="false" required="false" type="1" direction="1"/><parameter name="connectionOverride" multivalue="false" required="false" type="1" direction="1"/><parameter name="mapping" multivalue="false" required="false" type="3" direction="3"/><parameter name="username" multivalue="false" required="false" type="2" direction="1"/><parameter name="password" multivalue="false" required="false" type="2" direction="1"/></service><service name="AQ_GetHeaders" desc="This service transfers the configured message headers from the session to the profile."><exitEvent>MappingFailure</exitEvent><exitEvent>NothingToMap</exitEvent><parameter name="Headers" multivalue="true" required="true" type="3" direction="1"/></service><service name="AQ_Dashboard_ThrowPortalMessage" desc="This service can be used to throw a message event towards the dashboard (portal). You select a defined portal message and fill the content of the message with expressions in the context of your current scope."><parameter name="portalMessage" multivalue="false" required="true" type="2" direction="3"/><parameter name="messageValues" multivalue="true" required="false" type="2" direction="3"/></service><validator name="BankAccount"><parameter name="type" multivalue="false" required="false" type="2" direction="-1"/><parameter name="locale" multivalue="false" required="false" type="2" direction="-1"/></validator><validator name="Date"><parameter name="comparedate" multivalue="false" required="false" type="2" direction="-1"/><parameter name="comparator" multivalue="false" required="false" type="2" direction="-1"/><parameter name="compareday" multivalue="false" required="false" type="2" direction="-1"/><parameter name="comparemonth" multivalue="false" required="false" type="2" direction="-1"/><parameter name="compareyear" multivalue="false" required="false" type="2" direction="-1"/></validator><validator name="Number"><parameter name="maxIncl" multivalue="false" required="false" type="2" direction="-1"/><parameter name="minIncl" multivalue="false" required="false" type="2" direction="-1"/><parameter name="maxExcl" multivalue="false" required="false" type="2" direction="-1"/><parameter name="minExcl" multivalue="false" required="false" type="2" direction="-1"/></validator><validator name="Regexp"><parameter name="posRegExp" multivalue="false" required="false" type="2" direction="-1"/><parameter name="negRegExp" multivalue="false" required="false" type="2" direction="-1"/></validator><validator name="SofiNumberValidator"><parameter name="locale" multivalue="false" required="false" type="2" direction="-1"/></validator><validator name="StringLength"><parameter name="minlength" multivalue="false" required="false" type="2" direction="-1"/><parameter name="maxlength" multivalue="false" required="false" type="2" direction="-1"/></validator><validator name="IBAN" desc="Validates a string as International Bank Account Number (IBAN)"/><globalParameter name="AQ_QuestionText" parameterType="text"/><globalParameter name="AQ_ExplainText" parameterType="text"/><globalParameter name="AQ_PlaceholderText" parameterType="text"/><fieldType name="AQ_Boolean" output="attribute" dataType="0" preconditionAvailable="true" readOnlyAvailable="true" requiredAvailable="true" refreshAvailable="true" lengthAvailable="false"><globalParameter name="AQ_QuestionText"/><globalParameter name="AQ_ExplainText"/></fieldType><fieldType name="AQ_String" output="attribute" dataType="1" preconditionAvailable="true" readOnlyAvailable="true" requiredAvailable="true" refreshAvailable="true" lengthAvailable="true"><globalParameter name="AQ_QuestionText"/><globalParameter name="AQ_ExplainText"/><globalParameter name="AQ_PlaceholderText"/></fieldType><fieldType name="AQ_Number" output="attribute" dataType="2" preconditionAvailable="true" readOnlyAvailable="true" requiredAvailable="true" refreshAvailable="true" lengthAvailable="false"><globalParameter name="AQ_QuestionText"/><globalParameter name="AQ_ExplainText"/><globalParameter name="AQ_PlaceholderText"/></fieldType><fieldType name="AQ_Date" output="attribute" dataType="4" preconditionAvailable="true" readOnlyAvailable="true" requiredAvailable="true" refreshAvailable="true" lengthAvailable="false"><globalParameter name="AQ_QuestionText"/><globalParameter name="AQ_ExplainText"/><globalParameter name="AQ_PlaceholderText"/></fieldType><fieldType name="AQ_DateTime" output="attribute" dataType="9" preconditionAvailable="true" readOnlyAvailable="true" requiredAvailable="true" refreshAvailable="true" lengthAvailable="false"><globalParameter name="AQ_QuestionText"/><globalParameter name="AQ_ExplainText"/><globalParameter name="AQ_PlaceholderText"/></fieldType><fieldType name="AQ_Percentage" output="attribute" dataType="7" preconditionAvailable="true" readOnlyAvailable="true" requiredAvailable="true" refreshAvailable="true" lengthAvailable="false"><globalParameter name="AQ_QuestionText"/><globalParameter name="AQ_ExplainText"/><globalParameter name="AQ_PlaceholderText"/></fieldType><fieldType name="AQ_Currency" output="attribute" dataType="6" preconditionAvailable="true" readOnlyAvailable="true" requiredAvailable="true" refreshAvailable="true" lengthAvailable="false"><globalParameter name="AQ_QuestionText"/><globalParameter name="AQ_ExplainText"/><globalParameter name="AQ_PlaceholderText"/></fieldType><fieldType name="AQ_Integer" output="attribute" dataType="8" preconditionAvailable="true" readOnlyAvailable="true" requiredAvailable="true" refreshAvailable="true" lengthAvailable="false"><globalParameter name="AQ_QuestionText"/><globalParameter name="AQ_ExplainText"/><globalParameter name="AQ_PlaceholderText"/></fieldType><fieldType name="AQ_Boolean_Toggle" output="attribute" dataType="0" preconditionAvailable="true" readOnlyAvailable="true" requiredAvailable="true" refreshAvailable="true" lengthAvailable="false"><globalParameter name="AQ_QuestionText"/><globalParameter name="AQ_ExplainText"/><presentationStyle name="toggle"/></fieldType></project><webServices/></application></Data></AquimaExportContent><Signature>MCwCFGXcS4+HBBiWi/LmYeV97IipEiFgAhQtC7QsrF4WRImFFJefC+6prbRDZw==</Signature></AquimaExport>